Z,symbol,atomic_weight,density_g_cm3,melting_C,boiling_C,solar_system_pct,crustal_mg_per_kg,ocean_mg_per_L,note
1,H,1.00794,0.0708,-259.34,-252.87,91.0,1400,1.08e5,
2,He,4.002602,0.124901,-272.2,-268.93,8.9,0.008,7e-6,
3,Li,6.941,0.534,180.5,1342,1.86e-7,20,0.18,
4,Be,9.012182,1.85,1287,2471,2.38e-9,2.8,5.6e-6,
5,B,10.811,2.37,2075,4000,6.9e-8,10,4.44,
6,C,12.0107,2.2670,4492,3842,0.033,200,28,symbol marker a; density:15◦; melting:t; boiling:ss
7,N,14.00674,0.807,-210.00,-195.79,0.0102,19,0.5,
8,O,15.9994,1.141,-218.79,-182.95,0.078,4.61e5,8.57e5,
9,F,18.9984032,1.50,-219.62,-188.12,2.7e-6,585,1.3,
10,Ne,20.1797,1.204,-248.59,-246.08,0.0112,0.005,1.2e-4,
11,Na,22.989770,0.97,97.80,883,0.000187,2.36e4,1.08e4,
12,Mg,24.3050,0.74,650,1090,0.00350,2.33e4,1290,
13,Al,26.981538,2.70,660.32,2519,0.000277,8.23e4,0.002,
14,Si,28.0855,2.3296,1414,3265,0.00326,2.82e5,2.2,
15,P,30.973761,1.82,44.15,280.5,3.4e-5,1050,0.06,
16,S,32.066,2.067,115.21,444.60,0.00168,350,905,
17,Cl,35.4527,1.56,-101.5,-34.04,1.7e-5,145,1.94e4,
18,Ar,39.948,1.396,-189.35,-185.85,0.000329,3.5,0.45,
19,K,39.0983,0.89,63.38,759,1.23e-5,2.09e4,399,
20,Ca,40.078,1.54,842,1484,0.000199,4.15e4,412,
21,Sc,44.955910,2.99,1541,2836,1.12e-7,22,6e-7,
22,Ti,47.867,4.5,1668,3287,7.8e-6,5650,0.001,
23,V,50.9415,6.0,1910,3407,9.6e-7,120,0.0025,
24,Cr,51.9961,7.15,1907,2671,4.4e-5,102,3e-4,
25,Mn,54.938049,7.3,1246,2061,3.1e-5,950,2e-4,
26,Fe,55.845,7.875,1538,2861,0.00294,5.63e4,0.002,
27,Co,58.933200,8.86,1495,2927,7.3e-6,25,2e-5,
28,Ni,58.6934,8.912,1455,2913,0.000161,84,5.6e-4,
29,Cu,63.546,8.933,1084.62,2562,1.70e-6,60,2.5e-4,
30,Zn,65.39,7.134,419.53,907,4.11e-6,70,0.0049,
31,Ga,69.723,5.91,29.76,2204,1.23e-7,19,3e-5,
32,Ge,72.61,5.323,938.25,2833,3.9e-7,1.5,5e-5,
33,As,74.92160,5.776,817,614,2.1e-8,1.8,0.0037,density:26◦; melting:t; boiling:s
34,Se,78.96,4.809,221,685,2.03e-7,0.05,2e-4,density:26◦
35,Br,79.904,3.11,-7.2,58.8,3.8e-8,2.4,67.3,
36,Kr,83.80,2.418,-157.36,-153.22,1.5e-7,1e-4,2.1e-4,
37,Rb,85.4678,1.53,39.31,688,2.31e-8,90,0.12,
38,Sr,87.62,2.64,777,1382,7.7e-8,370,7.9,
39,Y,88.90585,4.47,1522,3345,1.51e-8,33,1.3e-5,
40,Zr,91.224,6.52,1855,4409,3.72e-8,165,3e-5,
41,Nb,92.90638,8.57,2477,4744,2.28e-9,20,1e-5,
42,Mo,95.94,10.2,2623,4639,8.3e-9,1.2,0.01,
43,Tc,[98],11,2157,4265,,,,
44,Ru,101.07,12.1,2334,4150,6.1e-9,0.001,7e-7,
45,Rh,102.90550,12.4,1964,3695,1.12e-9,0.001,,
46,Pd,106.42,12.0,1554.9,2963,4.5e-9,0.015,,
47,Ag,107.8682,10.501,961.78,2162,1.58e-9,0.075,4e-5,
48,Cd,112.411,8.69,321.07,767,5.3e-9,0.15,1.1e-4,
49,In,114.818,7.31,156.60,2072,6.0e-10,0.25,0.02,
50,Sn,118.710,7.287,231.93,2602,1.25e-8,2.3,4e-6,density:26◦
51,Sb,121.760,6.685,630.63,1587,1.01e-9,0.2,2.4e-4,density:26◦
52,Te,127.60,6.232,449.51,988,1.57e-8,0.001,,
53,I,126.90447,4.93,113.7,184.4,2.9e-9,0.45,0.06,density:20◦
54,Xe,131.29,2.953,-111.75,-108.04,1.5e-8,3e-5,5e-5,
55,Cs,132.90545,1.93,28.44,671,1.21e-9,3,3e-4,
56,Ba,137.327,3.62,727,1897,1.46e-8,425,0.013,
57,La,138.9055,6.15,918,3464,1.45e-9,39,3.4e-6,
58,Ce,140.116,8.16,798,3443,3.70e-9,66.5,1.2e-6,
59,Pr,140.90765,6.77,931,3520,5.44e-10,9.2,6.4e-7,
60,Nd,144.24,7.01,1021,3074,2.70e-9,41.5,2.8e-6,
61,Pm,[145],7.26,1042,3000,,,,
62,Sm,150.36,7.52,1074,1794,8.42e-10,7.05,4.5e-7,
63,Eu,151.964,5.24,822,1596,3.17e-10,2.0,1.3e-7,
64,Gd,157.25,7.90,1313,3273,1.076e-9,6.2,7e-7,
65,Tb,158.92534,8.23,1356,3230,1.97e-10,1.2,1.4e-7,
66,Dy,162.50,8.55,1412,2567,1.286e-9,5.2,9.1e-7,
67,Ho,164.93032,8.80,1474,2700,2.90e-10,1.3,2.2e-7,
68,Er,167.26,9.07,1529,2868,8.18e-10,3.5,8.7e-7,
69,Tm,168.93421,9.32,1545,1950,1.23e-10,0.52,1.7e-7,
70,Yb,173.04,6.90,819,1196,8.08e-10,3.2,8.2e-7,
71,Lu,174.967,9.84,1663,3402,1.197e-10,0.8,1.5e-7,
72,Hf,178.49,13.3,2233,4603,5.02e-10,3.0,7e-6,
73,Ta,180.9479,16.4,3017,5458,6.75e-11,2.0,2e-6,
74,W,183.84,19.3,3422,5555,4.34e-10,1.25,1e-4,
75,Re,186.207,20.8,3186,5596,1.69e-10,7e-4,4e-6,
76,Os,190.23,22.5,3033,5012,2.20e-9,0.0015,,
77,Ir,192.217,22.5,2446,4428,2.16e-9,0.001,,
78,Pt,195.078,21.46,1768.4,3825,4.4e-9,0.005,,
79,Au,196.96655,19.282,1064.18,2856,6.1e-10,0.004,4e-6,
80,Hg,200.59,13.5336,-38.83,356.73,1.11e-9,0.085,3e-5,
81,Tl,204.3833,11.8,304,1473,6.0e-10,0.85,1.9e-5,
82,Pb,207.2,11.342,327.46,1749,1.03e-8,14,3e-5,
83,Bi,208.98038,9.807,271.40,1564,4.7e-10,0.0085,2e-5,
84,Po,[209],9.32,254,962,,2e-10,1.5e-14,
85,At,[210],,302,,,,,
86,Rn,[222],4.4,-71,-61.7,,4e-13,6e-16,
87,Fr,[223],,27,,,,,
88,Ra,[226],5,700,,,9e-7,8.9e-11,
89,Ac,[227],10.07,1051,3198,,5.5e-10,,
90,Th,232.0381,11.72,1750,4788,1.09e-10,69.6,1e-6,
91,Pa,231.03588,15.37,1572,,,1.4e-6,5e-11,
92,U,238.0289,18.95,1135,4131,2.94e-11,2.7,0.0032,ocean:561
