nuclide,Z,A,symbol,metastable,half_life,abundance_pct,decay_modes,note
1H,1,1,H,,stable,99.9885,,
2H,1,2,H,,stable,0.0115,,
3H,1,3,H,,12.32 y,,β-(100),
3He,2,3,He,,stable,0.000137,,
4He,2,4,He,,stable,99.999863,,
6Li,3,6,Li,,stable,7.59,,
7Li,3,7,Li,,stable,92.41,,
7Be,4,7,Be,,53.22 d,,EC(100),
9Be,4,9,Be,,stable,100,,
10Be,4,10,Be,,1.51 My,,β-(100),
10B,5,10,B,,stable,19.9,,
11B,5,11,B,,stable,80.1,,
12C,6,12,C,,stable,98.93,,
13C,6,13,C,,stable,1.07,,
14C,6,14,C,,5.70 ky,,β-(100),
14N,7,14,N,,stable,99.632,,
15N,7,15,N,,stable,0.368,,
16O,8,16,O,,stable,99.757,,
17O,8,17,O,,stable,0.038,,
18O,8,18,O,,stable,0.205,,
19F,9,19,F,,stable,100,,
20Ne,10,20,Ne,,stable,90.48,,
21Ne,10,21,Ne,,stable,0.27,,
22Ne,10,22,Ne,,stable,9.25,,
22Na,11,22,Na,,2.6019 y,,β+(100),
23Na,11,23,Na,,stable,100,,
24Na,11,24,Na,,14.9590 h,,β-(100),
24Mg,12,24,Mg,,stable,78.99,,
25Mg,12,25,Mg,,stable,10.00,,
26Mg,12,26,Mg,,stable,11.01,,
28Mg,12,28,Mg,,20.915 h,,β-(100),
26Al,13,26,Al,,717 ky,,β+(100),
27Al,13,27,Al,,stable,100,,
28Si,14,28,Si,,stable,92.23,,
29Si,14,29,Si,,stable,4.683,,
30Si,14,30,Si,,stable,3.087,,
32Si,14,32,Si,,132 y,,β-(100),
31P,15,31,P,,stable,100,,
32P,15,32,P,,14.263 d,,β-(100),
33P,15,33,P,,25.34 d,,β-(100),
32S,16,32,S,,stable,95.02,,printed 95.02; should be 94.93 (see README errata)
33S,16,33,S,,stable,0.76,,
34S,16,34,S,,stable,4.29,,
35S,16,35,S,,87.51 d,,β-(100),
36S,16,36,S,,stable,0.02,,
35Cl,17,35,Cl,,stable,75.78,,
36Cl,17,36,Cl,,301 ky,,β-(98.1)β+(1.9),
37Cl,17,37,Cl,,stable,24.22,,
36Ar,18,36,Ar,,stable,0.3365,,
37Ar,18,37,Ar,,35.04 d,,EC(100),
38Ar,18,38,Ar,,stable,0.0632,,
39Ar,18,39,Ar,,269 y,,β-(100),
40Ar,18,40,Ar,,stable,99.6003,,
42Ar,18,42,Ar,,32.9 y,,β-(100),
39K,19,39,K,,stable,93.2581,,
40K,19,40,K,,1.251 Gy,0.0117,β-(89.28)β+(10.72),
41K,19,41,K,,stable,6.7302,,
42K,19,42,K,,12.360 h,,β-(100),
43K,19,43,K,,22.3 h,,β-(100),
40Ca,20,40,Ca,,stable,96.941,,
41Ca,20,41,Ca,,102 ky,,EC(100),
42Ca,20,42,Ca,,stable,0.647,,
43Ca,20,43,Ca,,stable,0.135,,
44Ca,20,44,Ca,,stable,2.086,,
45Ca,20,45,Ca,,162.67 d,,β-(100),
46Ca,20,46,Ca,,stable,0.004,,
47Ca,20,47,Ca,,4.536 d,,β-(100),
48Ca,20,48,Ca,,53 Ey,0.187,,
43Sc,21,43,Sc,,3.891 h,,β+(100),
44Sc,21,44,Sc,,3.97 h,,β+(100),
44mSc,21,44,Sc,m,58.61 h,,IT(98.80)β+(1.20),
45Sc,21,45,Sc,,stable,100,,
46Sc,21,46,Sc,,83.79 d,,β-(100),
47Sc,21,47,Sc,,3.3492 d,,β-(100),
48Sc,21,48,Sc,,43.67 h,,β-(100),
44Ti,22,44,Ti,,60.0 y,,EC(100),
46Ti,22,46,Ti,,stable,8.25,,
47Ti,22,47,Ti,,stable,7.44,,
48Ti,22,48,Ti,,stable,73.72,,
49Ti,22,49,Ti,,stable,5.41,,
50Ti,22,50,Ti,,stable,5.18,,
48V,23,48,V,,15.9735 d,,β+(100),
49V,23,49,V,,330 d,,EC(100),
50V,23,50,V,,150 Py,0.250,β+(83)β-(17),
51V,23,51,V,,stable,99.750,,
48Cr,24,48,Cr,,21.56 h,,β+(100),
50Cr,24,50,Cr,,stable,4.345,,
51Cr,24,51,Cr,,27.703 d,,EC(100),
52Cr,24,52,Cr,,stable,83.789,,
53Cr,24,53,Cr,,stable,9.501,,
54Cr,24,54,Cr,,stable,2.365,,
52Mn,25,52,Mn,,5.591 d,,β+(100),
53Mn,25,53,Mn,,3.7 My,,EC(100),
54Mn,25,54,Mn,,312.03 d,,EC(100),
55Mn,25,55,Mn,,stable,100,,
56Mn,25,56,Mn,,2.5789 h,,β-(100),
52Fe,26,52,Fe,,8.275 h,,β+(100),
54Fe,26,54,Fe,,stable,5.845,,
55Fe,26,55,Fe,,2.737 y,,EC(100),
56Fe,26,56,Fe,,stable,91.754,,
57Fe,26,57,Fe,,stable,2.119,,
58Fe,26,58,Fe,,stable,0.282,,
59Fe,26,59,Fe,,44.495 d,,β-(100),
60Fe,26,60,Fe,,1.5 My,,β-(100),
55Co,27,55,Co,,17.53 h,,β+(100),
56Co,27,56,Co,,77.23 d,,β+(100),
57Co,27,57,Co,,271.74 d,,EC(100),
58Co,27,58,Co,,70.86 d,,β+(100),
58mCo,27,58,Co,m,9.04 h,,IT(100),
59Co,27,59,Co,,stable,100,,
60Co,27,60,Co,,5.2714 y,,β-(100),
61Co,27,61,Co,,1.650 h,,β-(100),
56Ni,28,56,Ni,,6.075 d,,β+(100),
57Ni,28,57,Ni,,35.60 h,,β+(100),
58Ni,28,58,Ni,,stable,68.077,,
59Ni,28,59,Ni,,101 ky,,β+(100),
60Ni,28,60,Ni,,stable,26.223,,
61Ni,28,61,Ni,,stable,1.140,,
62Ni,28,62,Ni,,stable,3.6345,,
63Ni,28,63,Ni,,100.1 y,,β-(100),
64Ni,28,64,Ni,,stable,0.9256,,
65Ni,28,65,Ni,,2.5172 h,,β-(100),
66Ni,28,66,Ni,,54.6 h,,β-(100),
61Cu,29,61,Cu,,3.333 h,,β+(100),
63Cu,29,63,Cu,,stable,69.17,,
64Cu,29,64,Cu,,12.700 h,,β+(61.0)β-(39.0),
65Cu,29,65,Cu,,stable,30.83,,
67Cu,29,67,Cu,,61.83 h,,β-(100),
62Zn,30,62,Zn,,9.186 h,,β+(100),
64Zn,30,64,Zn,,stable,48.63,,
65Zn,30,65,Zn,,244.06 d,,β+(100),
66Zn,30,66,Zn,,stable,27.9,,
67Zn,30,67,Zn,,stable,4.10,,
68Zn,30,68,Zn,,stable,18.75,,
69mZn,30,69,Zn,m,13.86 h,,IT(≃100)β-(0.033),
70Zn,30,70,Zn,,stable,0.62,,
71mZn,30,71,Zn,m,3.96 h,,β-(≃100),
72Zn,30,72,Zn,,46.5 h,,β-(100),
66Ga,31,66,Ga,,9.49 h,,β+(100),
67Ga,31,67,Ga,,3.2612 d,,EC(100),
69Ga,31,69,Ga,,stable,60.108,,
71Ga,31,71,Ga,,stable,39.892,,
72Ga,31,72,Ga,,14.10 h,,β-(100),
73Ga,31,73,Ga,,4.86 h,,β-(100),
66Ge,32,66,Ge,,2.26 h,,β+(100),
68Ge,32,68,Ge,,270.95 d,,EC(100),
69Ge,32,69,Ge,,39.05 h,,β+(100),
70Ge,32,70,Ge,,stable,20.84,,
71Ge,32,71,Ge,,11.43 d,,EC(100),
72Ge,32,72,Ge,,stable,27.54,,
73Ge,32,73,Ge,,stable,7.73,,
74Ge,32,74,Ge,,stable,36.28,,
76Ge,32,76,Ge,,1.58 Zy,7.61,,
77Ge,32,77,Ge,,11.30 h,,β-(100),
71As,33,71,As,,65.28 h,,β+(100),
72As,33,72,As,,26.0 h,,β+(100),
73As,33,73,As,,80.30 d,,EC(100),
74As,33,74,As,,17.77 d,,β+(66)β-(34),
75As,33,75,As,,stable,100,,
76As,33,76,As,,1.0778 d,,β-(≃100)EC(<0.02),
77As,33,77,As,,38.83 h,,β-(100),
72Se,34,72,Se,,8.40 d,,EC(100),
73Se,34,73,Se,,7.15 h,,β+(100),
74Se,34,74,Se,,stable,0.89,,
75Se,34,75,Se,,119.79 d,,EC(100),
76Se,34,76,Se,,stable,9.37,,
77Se,34,77,Se,,stable,7.63,,
78Se,34,78,Se,,stable,23.77,,
79Se,34,79,Se,,295 ky,,β-(100),
80Se,34,80,Se,,stable,49.61,,
82Se,34,82,Se,,97 Ey,8.73,,
76Br,35,76,Br,,16.2 h,,β+(100),
77Br,35,77,Br,,57.036 h,,β+(100),
79Br,35,79,Br,,stable,50.69,,
80mBr,35,80,Br,m,4.4205 h,,IT(100),
81Br,35,81,Br,,stable,49.31,,
82Br,35,82,Br,,35.282 h,,β-(100),
83Br,35,83,Br,,2.40 h,,β-(100),
76Kr,36,76,Kr,,14.8 h,,β+(100),
78Kr,36,78,Kr,,stable,0.35,,
79Kr,36,79,Kr,,35.04 h,,β+(100),
80Kr,36,80,Kr,,stable,2.28,,
81Kr,36,81,Kr,,229 ky,,EC(100),
82Kr,36,82,Kr,,stable,11.58,,
83Kr,36,83,Kr,,stable,11.49,,
83mKr,36,83,Kr,m,1.83 h,,IT(100),
84Kr,36,84,Kr,,stable,57.0,,
85Kr,36,85,Kr,,10.776 y,,β-(100),
85mKr,36,85,Kr,m,4.480 h,,β-(78.6)IT(21.4),
86Kr,36,86,Kr,,stable,17.3,,
88Kr,36,88,Kr,,2.84 h,,β-(100),
81Rb,37,81,Rb,,4.576 h,,β+(100),
82mRb,37,82,Rb,m,6.472 h,,β+(≃100)IT(<0.33),
83Rb,37,83,Rb,,86.2 d,,EC(100),
84Rb,37,84,Rb,,32.77 d,,β+(96.2)β-(3.8),
85Rb,37,85,Rb,,stable,72.17,,
86Rb,37,86,Rb,,18.642 d,,β-(≃100)EC(0.0052),
87Rb,37,87,Rb,,49.23 Gy,27.83,β-(100),
82Sr,38,82,Sr,,25.36 d,,EC(100),
83Sr,38,83,Sr,,32.41 h,,β+(100),
84Sr,38,84,Sr,,stable,0.56,,
85Sr,38,85,Sr,,64.853 d,,EC(100),
86Sr,38,86,Sr,,stable,9.86,,
87Sr,38,87,Sr,,stable,7.00,,
87mSr,38,87,Sr,m,2.815 h,,IT(≃100)EC(0.30),
88Sr,38,88,Sr,,stable,82.58,,
89Sr,38,89,Sr,,50.53 d,,β-(100),
90Sr,38,90,Sr,,28.79 y,,β-(100),
91Sr,38,91,Sr,,9.63 h,,β-(100),
92Sr,38,92,Sr,,2.66 h,,β-(100),
85Y,39,85,Y,,2.68 h,,β+(100),
85mY,39,85,Y,m,4.86 h,,β+(≃100)IT(<0.002),
86Y,39,86,Y,,14.74 h,,β+(100),
87Y,39,87,Y,,79.8 h,,β+(100),
87mY,39,87,Y,m,13.37 h,,IT(98.43)β+(1.57),
88Y,39,88,Y,,106.65 d,,β+(100),
89Y,39,89,Y,,stable,100,,
90Y,39,90,Y,,64.00 h,,β-(100),
90mY,39,90,Y,m,3.19 h,,IT(≃100)β-(0.0018),
91Y,39,91,Y,,58.51 d,,β-(100),
92Y,39,92,Y,,3.54 h,,β-(100),
93Y,39,93,Y,,10.18 h,,β-(100),
86Zr,40,86,Zr,,16.5 h,,β+(100),
87Zr,40,87,Zr,,1.68 h,,β+(100),
88Zr,40,88,Zr,,83.4 d,,EC(100),
89Zr,40,89,Zr,,78.41 h,,β+(100),
90Zr,40,90,Zr,,stable,51.45,,
91Zr,40,91,Zr,,stable,11.22,,
92Zr,40,92,Zr,,stable,17.15,,
93Zr,40,93,Zr,,1.53 My,,β-(100),
94Zr,40,94,Zr,,stable,17.38,,
95Zr,40,95,Zr,,64.032 d,,β-(100),
96Zr,40,96,Zr,,24 Ey,2.80,,
97Zr,40,97,Zr,,16.90 h,,β-(100),
89Nb,41,89,Nb,,2.03 h,,β+(100),
89mNb,41,89,Nb,m,1.10 h,,β+(100),
90Nb,41,90,Nb,,14.60 h,,β+(100),
91Nb,41,91,Nb,,680 y,,EC(≃100)e+(0.0138),
91mNb,41,91,Nb,m,60.86 d,,IT(96.6)EC(3.4)e+(0.0028),
92Nb,41,92,Nb,,34.7 My,,β+(≃100)β-(<0.05),
92mNb,41,92,Nb,m,10.15 d,,β+(100),
93Nb,41,93,Nb,,stable,100,,
93mNb,41,93,Nb,m,16.13 y,,IT(100),
94Nb,41,94,Nb,,20.3 ky,,β-(100),
95Nb,41,95,Nb,,34.991 d,,β-(100),
95mNb,41,95,Nb,m,86.6 h,,IT(94.4)β-(5.6),
96Nb,41,96,Nb,,23.35 h,,β-(100),
90Mo,42,90,Mo,,5.56 h,,β+(100),
92Mo,42,92,Mo,,stable,14.84,,
93Mo,42,93,Mo,,4.0 ky,,EC(100),
93mMo,42,93,Mo,m,6.85 h,,IT(≃100)β+(0.12),
94Mo,42,94,Mo,,stable,9.25,,
95Mo,42,95,Mo,,stable,15.92,,
96Mo,42,96,Mo,,stable,16.68,,
97Mo,42,97,Mo,,stable,9.55,,
98Mo,42,98,Mo,,stable,24.13,,
99Mo,42,99,Mo,,65.94 h,,β-(100),
100Mo,42,100,Mo,,8.5 Ey,9.63,,
93Tc,43,93,Tc,,2.75 h,,β+(100),
95Tc,43,95,Tc,,20.0 h,,β+(100),
95mTc,43,95,Tc,m,61 d,,β+(96.12)IT(3.88),
96Tc,43,96,Tc,,4.28 d,,β+(100),
97Tc,43,97,Tc,,2.6 My,,EC(100),
97mTc,43,97,Tc,m,90.1 d,,IT(≃100)EC(<0.34),
98Tc,43,98,Tc,,4.2 My,,β-(100),
99Tc,43,99,Tc,,211.1 ky,,β-(100),
99mTc,43,99,Tc,m,6.015 h,,IT(≃100)β-(0.0037),
95Ru,44,95,Ru,,1.643 h,,β+(100),
96Ru,44,96,Ru,,stable,5.54,,
97Ru,44,97,Ru,,2.9 d,,β+(100),
98Ru,44,98,Ru,,stable,1.87,,
99Ru,44,99,Ru,,stable,12.76,,
100Ru,44,100,Ru,,stable,12.6,,
101Ru,44,101,Ru,,stable,17.06,,
102Ru,44,102,Ru,,stable,31.55,,
103Ru,44,103,Ru,,39.26 d,,β-(100),
104Ru,44,104,Ru,,stable,18.62,,
105Ru,44,105,Ru,,4.44 h,,β-(100),
106Ru,44,106,Ru,,373.59 d,,β-(100),
99Rh,45,99,Rh,,16.1 d,,β+(100),
99mRh,45,99,Rh,m,4.7 h,,β+(≃100)IT(<0.16),
100Rh,45,100,Rh,,20.8 h,,β+(100),
101Rh,45,101,Rh,,3.3 y,,EC(100),
101mRh,45,101,Rh,m,4.34 d,,EC(93.6)IT(6.4),
102Rh,45,102,Rh,,207.0 d,,β+(78)β-(22),
102mRh,45,102,Rh,m,3.742 y,,β+(≃100)IT(0.233),
103Rh,45,103,Rh,,stable,100,,
105Rh,45,105,Rh,,35.36 h,,β-(100),
100Pd,46,100,Pd,,3.63 d,,EC(100),
101Pd,46,101,Pd,,8.47 h,,β+(100),
102Pd,46,102,Pd,,stable,1.02,,
103Pd,46,103,Pd,,16.991 d,,EC(100),
104Pd,46,104,Pd,,stable,11.14,,
105Pd,46,105,Pd,,stable,22.33,,
106Pd,46,106,Pd,,stable,27.33,,
107Pd,46,107,Pd,,6.5 My,,β-(100),
108Pd,46,108,Pd,,stable,26.46,,
109Pd,46,109,Pd,,13.7012 h,,β-(100),
110Pd,46,110,Pd,,stable,11.72,,
111mPd,46,111,Pd,m,5.5 h,,IT(73)β-(27),
112Pd,46,112,Pd,,21.03 h,,β-(100),
105Ag,47,105,Ag,,41.29 d,,β+(100),
106mAg,47,106,Ag,m,8.28 d,,β+(100),
107Ag,47,107,Ag,,stable,51.839,,
108mAg,47,108,Ag,m,418 y,,β+(91.3)IT(8.7),
109Ag,47,109,Ag,,stable,48.161,,
110mAg,47,110,Ag,m,249.95 d,,β-(98.64)IT(1.36),
111Ag,47,111,Ag,,7.45 d,,β-(100),
112Ag,47,112,Ag,,3.130 h,,β-(100),
113Ag,47,113,Ag,,5.37 h,,β-(100),
106Cd,48,106,Cd,,stable,1.25,,
107Cd,48,107,Cd,,6.50 h,,β+(100),
108Cd,48,108,Cd,,stable,0.89,,
109Cd,48,109,Cd,,461.4 d,,EC(100),
110Cd,48,110,Cd,,stable,12.49,,
111Cd,48,111,Cd,,stable,12.80,,
112Cd,48,112,Cd,,stable,24.13,,
113Cd,48,113,Cd,,7.7 Py,12.22,β-(100),
113mCd,48,113,Cd,m,14.1 y,,β-(≃100)IT(0.14),
114Cd,48,114,Cd,,stable,28.73,,
115Cd,48,115,Cd,,53.46 h,,β-(100),
115mCd,48,115,Cd,m,44.56 d,,β-(100),
116Cd,48,116,Cd,,30 Ey,7.49,,
117Cd,48,117,Cd,,2.49 h,,β-(100),
117mCd,48,117,Cd,m,3.36 h,,β-(100),
109In,49,109,In,,4.2 h,,β+(100),
110In,49,110,In,,4.9 h,,β+(100),
111In,49,111,In,,2.8047 d,,EC(100),
113In,49,113,In,,stable,4.29,,
113mIn,49,113,In,m,1.6579 h,,IT(100),
114mIn,49,114,In,m,49.51 d,,IT(96.75)β+(3.25),
115In,49,115,In,,441 Ty,95.71,β-(100),
115mIn,49,115,In,m,4.486 h,,IT(95.0)β-(5.0),
110Sn,50,110,Sn,,4.11 h,,EC(100),
112Sn,50,112,Sn,,stable,0.97,,
113Sn,50,113,Sn,,115.09 d,,β+(100),
114Sn,50,114,Sn,,stable,0.65,,
115Sn,50,115,Sn,,stable,0.34,,
116Sn,50,116,Sn,,stable,14.54,,
117Sn,50,117,Sn,,stable,7.68,,
117mSn,50,117,Sn,m,13.76 d,,IT(100),
118Sn,50,118,Sn,,stable,24.22,,
119Sn,50,119,Sn,,stable,8.59,,
119mSn,50,119,Sn,m,293.1 d,,IT(100),
120Sn,50,120,Sn,,stable,32.58,,
121Sn,50,121,Sn,,27.03 h,,β-(100),
121mSn,50,121,Sn,m,43.9 y,,IT(77.6)β-(22.4),
122Sn,50,122,Sn,,stable,4.63,,
123Sn,50,123,Sn,,129.2 d,,β-(100),
124Sn,50,124,Sn,,stable,5.79,,
125Sn,50,125,Sn,,9.64 d,,β-(100),
126Sn,50,126,Sn,,230 ky,,β-(100),
127Sn,50,127,Sn,,2.10 h,,β-(100),
117Sb,51,117,Sb,,2.80 h,,β+(100),
118mSb,51,118,Sb,m,5.00 h,,β+(100),
119Sb,51,119,Sb,,38.19 h,,EC(100),
120mSb,51,120,Sb,m,5.76 d,,β+(100),
121Sb,51,121,Sb,,stable,57.21,,
122Sb,51,122,Sb,,2.7238 d,,β-(97.59)β+(2.41),
123Sb,51,123,Sb,,stable,42.79,,
124Sb,51,124,Sb,,60.20 d,,β-(100),
125Sb,51,125,Sb,,2.7586 y,,β-(100),
126Sb,51,126,Sb,,12.35 d,,β-(100),
127Sb,51,127,Sb,,3.85 d,,β-(100),
128Sb,51,128,Sb,,9.01 h,,β-(100),
129Sb,51,129,Sb,,4.40 h,,β-(100),
116Te,52,116,Te,,2.49 h,,β+(100),
118Te,52,118,Te,,6.00 d,,EC(100),
119Te,52,119,Te,,16.05 h,,β+(100),
119mTe,52,119,Te,m,4.70 d,,β+(≃100)IT(<0.008),
120Te,52,120,Te,,stable,0.09,,
121Te,52,121,Te,,19.16 d,,β+(100),
121mTe,52,121,Te,m,154 d,,IT(88.6)β+(11.4),
122Te,52,122,Te,,stable,2.55,,
123Te,52,123,Te,,>600 Ty,0.89,EC(100),
123mTe,52,123,Te,m,119.25 d,,IT(100),
124Te,52,124,Te,,stable,4.74,,
125Te,52,125,Te,,stable,7.07,,
125mTe,52,125,Te,m,57.40 d,,IT(100),
126Te,52,126,Te,,stable,18.84,,
127Te,52,127,Te,,9.35 h,,β-(100),
127mTe,52,127,Te,m,109 d,,IT(97.6)β-(2.4),
128Te,52,128,Te,,2.2 Yy,31.74,,
129mTe,52,129,Te,m,33.6 d,,IT(63)β-(37),
130Te,52,130,Te,,790 Ey,34.08,2β-(100),
131mTe,52,131,Te,m,30 h,,β-(77.8)IT(22.2),
132Te,52,132,Te,,3.204 d,,β-(100),
121I,53,121,I,,2.12 h,,β+(100)132mIx1.387hIT(86)β-(14),
123I,53,123,I,,13.2235 h,,β+(100),
124I,53,124,I,,4.1760 d,,β+(100),
125I,53,125,I,,59.400 d,,EC(100),
126I,53,126,I,,12.93 d,,β+(52.7)β-(47.3),
127I,53,127,I,,stable,100,,
129I,53,129,I,,15.7 My,,β-(100),
130I,53,130,I,,12.36 h,,β-(100),
131I,53,131,I,,8.02070 d,,β-(100),
132I,53,132,I,,2.295 h,,β-(100),
133I,53,133,I,,20.8 h,,β-(100),
135I,53,135,I,,6.57 h,,β-(100),
122Xe,54,122,Xe,,20.1 h,,EC(100),
123Xe,54,123,Xe,,2.08 h,,β+(100),
124Xe,54,124,Xe,,stable,0.10,,
125Xe,54,125,Xe,,16.9 h,,β+(100),
126Xe,54,126,Xe,,stable,0.09,,
127Xe,54,127,Xe,,36.345 d,,EC(100),
128Xe,54,128,Xe,,stable,1.92,,
129Xe,54,129,Xe,,stable,26.44,,
129mXe,54,129,Xe,m,8.88 d,,IT(100),
130Xe,54,130,Xe,,stable,4.08,,
131Xe,54,131,Xe,,stable,21.18,,
131mXe,54,131,Xe,m,11.84 d,,IT(100),
132Xe,54,132,Xe,,stable,26.89,,
133Xe,54,133,Xe,,5.2475 d,,β-(100),
133mXe,54,133,Xe,m,2.19 d,,IT(100),
134Xe,54,134,Xe,,stable,10.4,,
135Xe,54,135,Xe,,9.14 h,,β-(100),
136Xe,54,136,Xe,,stable,8.87,,
127Cs,55,127,Cs,,6.25 h,,β+(100),
129Cs,55,129,Cs,,32.06 h,,β+(100),
131Cs,55,131,Cs,,9.689 d,,EC(100),
132Cs,55,132,Cs,,6.479 d,,β+(98.13)β-(1.87),
133Cs,55,133,Cs,,stable,100,,
134Cs,55,134,Cs,,2.0648 y,,β-(100)EC(0.0003),
134mCs,55,134,Cs,m,2.903 h,,IT(100),
135Cs,55,135,Cs,,2.3 My,,β-(100),
136Cs,55,136,Cs,,13.16 d,,β-(100),
137Cs,55,137,Cs,,30.1671 y,,β-(100),
128Ba,56,128,Ba,,2.43 d,,EC(100),
129Ba,56,129,Ba,,2.23 h,,β+(100),
129mBa,56,129,Ba,m,2.16 h,,β+(≃100),
130Ba,56,130,Ba,,stable,0.106,,
131Ba,56,131,Ba,,11.50 d,,β+(100),
132Ba,56,132,Ba,,stable,0.101,,
133Ba,56,133,Ba,,10.51 y,,EC(100),
133mBa,56,133,Ba,m,38.9 h,,IT(≃100)EC(0.0096),
134Ba,56,134,Ba,,stable,2.417,,
135Ba,56,135,Ba,,stable,6.592,,
135mBa,56,135,Ba,m,28.7 h,,IT(100),
136Ba,56,136,Ba,,stable,7.854,,
137Ba,56,137,Ba,,stable,11.232,,
138Ba,56,138,Ba,,stable,71.698,,
140Ba,56,140,Ba,,12.752 d,,β-(100),
132La,57,132,La,,4.8 h,,β+(100),
133La,57,133,La,,3.912 h,,β+(100),
135La,57,135,La,,19.5 h,,β+(100),
137La,57,137,La,,60 ky,,EC(100),
138La,57,138,La,,102 Gy,0.090,β+(65.6)β-(34.4),
139La,57,139,La,,stable,99.910,,
140La,57,140,La,,1.6781 d,,β-(100),
141La,57,141,La,,3.92 h,,β-(100),
132Ce,58,132,Ce,,3.51 h,,β+(100),
133mCe,58,133,Ce,m,4.9 h,,β+(100),
134Ce,58,134,Ce,,3.16 d,,EC(100),
135Ce,58,135,Ce,,17.7 h,,β+(100),
136Ce,58,136,Ce,,stable,0.185,,
137Ce,58,137,Ce,,9.0 h,,β+(100),
137mCe,58,137,Ce,m,34.4 h,,IT(99.22)β+(0.78),
138Ce,58,138,Ce,,stable,0.251,,
139Ce,58,139,Ce,,137.641 d,,EC(100),
140Ce,58,140,Ce,,stable,88.450,,
141Ce,58,141,Ce,,32.508 d,,β-(100),
142Ce,58,142,Ce,,stable,11.114,,
143Ce,58,143,Ce,,33.039 h,,β-(100),
144Ce,58,144,Ce,,284.91 d,,β-(100),
137Pr,59,137,Pr,,1.28 h,,β+(100),
138mPr,59,138,Pr,m,2.12 h,,β+(100),
139Pr,59,139,Pr,,4.41 h,,β+(100),
141Pr,59,141,Pr,,stable,100,,
142Pr,59,142,Pr,,19.12 h,,β-(≃100)EC(0.0164),
143Pr,59,143,Pr,,13.57 d,,β-(100),
145Pr,59,145,Pr,,5.984 h,,β-(100),
138Nd,60,138,Nd,,5.04 h,,β+(100),
139mNd,60,139,Nd,m,5.50 h,,β+(88.2)IT(11.8),
140Nd,60,140,Nd,,3.37 d,,EC(100),
141Nd,60,141,Nd,,2.49 h,,β+(100),
142Nd,60,142,Nd,,stable,27.2,,
143Nd,60,143,Nd,,stable,12.2,,
144Nd,60,144,Nd,,2.29 Py,23.80,α(100),
145Nd,60,145,Nd,,stable,8.3,,
146Nd,60,146,Nd,,stable,17.2,,
147Nd,60,147,Nd,,10.98 d,,β-(100),
148Nd,60,148,Nd,,stable,5.7,,
149Nd,60,149,Nd,,1.728 h,,β-(100),
150Nd,60,150,Nd,,6.7 Ey,5.6,2β-(100),
143Pm,61,143,Pm,,265 d,,EC(100)e+(<5.7e-6),
144Pm,61,144,Pm,,363 d,,EC(100)e+(<8e-5),
145Pm,61,145,Pm,,17.7 y,,EC(100)α(2.8e-7),
146Pm,61,146,Pm,,5.53 y,,EC(66.0)β-(34.0),
147Pm,61,147,Pm,,2.6234 y,,β-(100),
148Pm,61,148,Pm,,5.368 d,,β-(100),
148mPm,61,148,Pm,m,41.29 d,,β-(95.8)IT(4.2),
149Pm,61,149,Pm,,53.08 h,,β-(100),
150Pm,61,150,Pm,,2.68 h,,β-(100),
151Pm,61,151,Pm,,28.40 h,,β-(100),
144Sm,62,144,Sm,,stable,3.07,,
145Sm,62,145,Sm,,340 d,,EC(100),
146Sm,62,146,Sm,,103 My,,α(100),
147Sm,62,147,Sm,,106 Gy,15.0,α(100),
148Sm,62,148,Sm,,7 Py,11.24,α(100),
149Sm,62,149,Sm,,stable,13.82,,
150Sm,62,150,Sm,,stable,7.38,,
151Sm,62,151,Sm,,90 y,,β-(100),
152Sm,62,152,Sm,,stable,26.75,,
153Sm,62,153,Sm,,46.284 h,,β-(100),
154Sm,62,154,Sm,,stable,22.75,,
156Sm,62,156,Sm,,9.4 h,,β-(100),
145Eu,63,145,Eu,,5.93 d,,β+(100),
146Eu,63,146,Eu,,4.61 d,,β+(100),
147Eu,63,147,Eu,,24.1 d,,β+(≃100)α(0.0022),
148Eu,63,148,Eu,,54.5 d,,β+(100)α(9.4e-7),
149Eu,63,149,Eu,,93.1 d,,EC(100),
150Eu,63,150,Eu,,36.9 y,,β+(100),
150mEu,63,150,Eu,m,12.8 h,,β-(89)β+(11),
151Eu,63,151,Eu,,stable,47.81,,
152Eu,63,152,Eu,,13.537 y,,β+(72.1)β-(27.9),
152mEu,63,152,Eu,m,9.3116 h,,β-(72)β+(28),
153Eu,63,153,Eu,,stable,52.19,,
154Eu,63,154,Eu,,8.593 y,,β-(≃100)EC(0.02),
155Eu,63,155,Eu,,4.7611 y,,β-(100),
156Eu,63,156,Eu,,15.19 d,,β-(100),
157Eu,63,157,Eu,,15.18 h,,β-(100),
146Gd,64,146,Gd,,48.27 d,,EC(100),
147Gd,64,147,Gd,,38.06 h,,β+(100),
148Gd,64,148,Gd,,74.6 y,,α(100),
149Gd,64,149,Gd,,9.28 d,,β+(100)α(4.3e-4),
150Gd,64,150,Gd,,1.79 My,,α(100),
151Gd,64,151,Gd,,124 d,,EC(100),
152Gd,64,152,Gd,,108 Ty,0.20,α(100),
153Gd,64,153,Gd,,240.4 d,,EC(100),
154Gd,64,154,Gd,,stable,2.18,,
155Gd,64,155,Gd,,stable,14.80,,
156Gd,64,156,Gd,,stable,20.47,,
157Gd,64,157,Gd,,stable,15.65,,
158Gd,64,158,Gd,,stable,24.84,,
159Gd,64,159,Gd,,18.479 h,,β-(100),
160Gd,64,160,Gd,,stable,21.86,,
147Tb,65,147,Tb,,1.64 h,,β+(100),
149Tb,65,149,Tb,,4.118 h,,β+(83.3)α(16.7),
150Tb,65,150,Tb,,3.48 h,,β+(≃100)α(<0.05),
151Tb,65,151,Tb,,17.609 h,,β+(≃100)α(0.0095),
152Tb,65,152,Tb,,17.5 h,,β+(100),
153Tb,65,153,Tb,,2.34 d,,β+(100),
154Tb,65,154,Tb,,21.5 h,,β+(≃100)β-(<0.1),
154mTb,65,154,Tb,m,9.4 h,,β+(78.2)IT(21.8)β-(<0.1),
154nTb,65,154,Tb,n,22.7 h,,β+(98.2)IT(1.8),
155Tb,65,155,Tb,,5.32 d,,EC(100),
156Tb,65,156,Tb,,5.35 d,,β+(100),
156mTb,65,156,Tb,m,24.4 h,,IT(100),
157Tb,65,157,Tb,,71 y,,EC(100),
158Tb,65,158,Tb,,180 y,,β+(83.4)β-(16.6),
159Tb,65,159,Tb,,stable,100,,
160Tb,65,160,Tb,,72.3 d,,β-(100),
161Tb,65,161,Tb,,6.906 d,,β-(100),
152Dy,66,152,Dy,,2.38 h,,EC(≃100)α(0.100),
153Dy,66,153,Dy,,6.4 h,,β+(≃100)α(0.0094),
154Dy,66,154,Dy,,3.0 My,,α(100),
155Dy,66,155,Dy,,9.9 h,,β+(100),
156Dy,66,156,Dy,,stable,0.06,,
157Dy,66,157,Dy,,8.14 h,,β+(100),
158Dy,66,158,Dy,,stable,0.10,,
159Dy,66,159,Dy,,144.4 d,,EC(100),
160Dy,66,160,Dy,,stable,2.34,,
161Dy,66,161,Dy,,stable,18.91,,
162Dy,66,162,Dy,,stable,25.51,,
163Dy,66,163,Dy,,stable,24.90,,
164Dy,66,164,Dy,,stable,28.18,,
165Dy,66,165,Dy,,2.334 h,,β-(100),
166Dy,66,166,Dy,,81.6 h,,β-(100),
160mHo,67,160,Ho,m,5.02 h,,IT(65)β+(35),
161Ho,67,161,Ho,,2.48 h,,EC(100),
163Ho,67,163,Ho,,4.570 ky,,EC(100),
165Ho,67,165,Ho,,stable,100,,
166Ho,67,166,Ho,,26.83 h,,β-(100),
166mHo,67,166,Ho,m,1.20 ky,,β-(100),
167Ho,67,167,Ho,,3.1 h,,β-(100),
158Er,68,158,Er,,2.29 h,,EC(100),
160Er,68,160,Er,,28.58 h,,EC(100),
161Er,68,161,Er,,3.21 h,,β+(100),
162Er,68,162,Er,,stable,0.14,,
164Er,68,164,Er,,stable,1.61,,
165Er,68,165,Er,,10.36 h,,EC(100),
166Er,68,166,Er,,stable,33.61,,
167Er,68,167,Er,,stable,22.93,,
168Er,68,168,Er,,stable,26.78,,
169Er,68,169,Er,,9.40 d,,β-(100),
170Er,68,170,Er,,stable,14.93,,
171Er,68,171,Er,,7.516 h,,β-(100),
172Er,68,172,Er,,49.3 h,,β-(100),
163Tm,69,163,Tm,,1.810 h,,β+(100),
165Tm,69,165,Tm,,30.06 h,,β+(100),
166Tm,69,166,Tm,,7.70 h,,β+(100),
167Tm,69,167,Tm,,9.25 d,,EC(100),
168Tm,69,168,Tm,,93.1 d,,β+(≃100)β-(0.010),
169Tm,69,169,Tm,,stable,100,,
170Tm,69,170,Tm,,128.6 d,,β-(≃100)EC(0.131),
171Tm,69,171,Tm,,1.92 y,,β-(100),
172Tm,69,172,Tm,,63.6 h,,β-(100),
173Tm,69,173,Tm,,8.24 h,,β-(100),
166Yb,70,166,Yb,,56.7 h,,EC(100),
168Yb,70,168,Yb,,stable,0.13,,
169Yb,70,169,Yb,,32.026 d,,EC(100),
170Yb,70,170,Yb,,stable,3.04,,
171Yb,70,171,Yb,,stable,14.28,,
172Yb,70,172,Yb,,stable,21.83,,
173Yb,70,173,Yb,,stable,16.13,,
174Yb,70,174,Yb,,stable,31.83,,
175Yb,70,175,Yb,,4.185 d,,β-(100),
176Yb,70,176,Yb,,stable,12.7,,
177Yb,70,177,Yb,,1.911 h,,β-(100),
169Lu,71,169,Lu,,34.06 h,,β+(100),
170Lu,71,170,Lu,,2.012 d,,β+(100),
171Lu,71,171,Lu,,8.24 d,,β+(100),
172Lu,71,172,Lu,,6.70 d,,β+(100),
173Lu,71,173,Lu,,1.37 y,,EC(100),
174Lu,71,174,Lu,,3.31 y,,β+(100),
174mLu,71,174,Lu,m,142 d,,IT(99.38)EC(0.62),
175Lu,71,175,Lu,,stable,97.41,,
176Lu,71,176,Lu,,38.5 Gy,2.59,β-(100),
176mLu,71,176,Lu,m,3.664 h,,β-(≃100)EC(0.095),
177Lu,71,177,Lu,,6.647 d,,β-(100),
177mLu,71,177,Lu,m,160.44 d,,β-(78.6)IT(21.4),
179Lu,71,179,Lu,,4.59 h,,β-(100),
170Hf,72,170,Hf,,16.01 h,,EC(100),
171Hf,72,171,Hf,,12.1 h,,β+(100),
172Hf,72,172,Hf,,1.87 y,,EC(100),
173Hf,72,173,Hf,,23.6 h,,β+(100),
174Hf,72,174,Hf,,2.0 Py,0.162,α(100),
175Hf,72,175,Hf,,70 d,,EC(100),
176Hf,72,176,Hf,,stable,5.26,,
177Hf,72,177,Hf,,stable,18.60,,
178Hf,72,178,Hf,,stable,27.28,,
178nHf,72,178,Hf,n,31 y,,IT(100),
179Hf,72,179,Hf,,stable,13.62,,
179nHf,72,179,Hf,n,25.05 d,,IT(100),
180Hf,72,180,Hf,,stable,35.08,,
180mHf,72,180,Hf,m,5.5 h,,IT(≃100)β-(0.3),
181Hf,72,181,Hf,,42.39 d,,β-(100),
182Hf,72,182,Hf,,9 My,,β-(100),
183Hf,72,183,Hf,,1.067 h,,β-(100),
184Hf,72,184,Hf,,4.12 h,,β-(100),
173Ta,73,173,Ta,,3.14 h,,β+(100),
174Ta,73,174,Ta,,1.14 h,,β+(100),
175Ta,73,175,Ta,,10.5 h,,β+(100),
176Ta,73,176,Ta,,8.09 h,,β+(100),
177Ta,73,177,Ta,,56.56 h,,β+(100),
178mTa,73,178,Ta,m,2.36 h,,β+(100),
179Ta,73,179,Ta,,1.82 y,,EC(100),
180Ta,73,180,Ta,,8.152 h,,EC(86)β-(14),
180mTa,73,180,Ta,m,stable,0.012,,
181Ta,73,181,Ta,,stable,99.988,,
182Ta,73,182,Ta,,114.43 d,,β-(100),
183Ta,73,183,Ta,,5.1 d,,β-(100),
184Ta,73,184,Ta,,8.7 h,,β-(100),
176W,74,176,W,,2.5 h,,EC(100),
178W,74,178,W,,21.6 d,,EC(100),
180W,74,180,W,,stable,0.12,,
181W,74,181,W,,121.2 d,,EC(100),
182W,74,182,W,,stable,26.50,,
183W,74,183,W,,stable,14.31,,
184W,74,184,W,,stable,30.64,,
185W,74,185,W,,75.1 d,,β-(100),
186W,74,186,W,,stable,28.43,,
187W,74,187,W,,23.72 h,,β-(100),
188W,74,188,W,,69.78 d,,β-(100),
181Re,75,181,Re,,19.9 h,,β+(100),
182Re,75,182,Re,,64.0 h,,β+(100),
182mRe,75,182,Re,m,12.7 h,,β+(100),
183Re,75,183,Re,,70.0 d,,EC(100),
184Re,75,184,Re,,38.0 d,,β+(100),
184mRe,75,184,Re,m,169 d,,IT(75.4)EC(24.6),
185Re,75,185,Re,,stable,37.40,,
186Re,75,186,Re,,3.7183 d,,β-(92.53)EC(7.47),
187Re,75,187,Re,,41.2 Gy,62.60,β-(100),
188Re,75,188,Re,,17.0040 h,,β-(100),
189Re,75,189,Re,,24.3 h,,β-(100),
190mRe,75,190,Re,m,3.2 h,,β-(54.4)IT(?),
182Os,76,182,Os,,22.10 h,,EC(100),
183Os,76,183,Os,,13.0 h,,β+(100),
183mOs,76,183,Os,m,9.9 h,,β+(85)IT(15),
184Os,76,184,Os,,stable,0.020,,
185Os,76,185,Os,,93.6 d,,EC(100),
186Os,76,186,Os,,2.0 Py,1.59,α(100),
187Os,76,187,Os,,stable,1.96,,
188Os,76,188,Os,,stable,13.24,,
189Os,76,189,Os,,stable,16.15,,
189mOs,76,189,Os,m,5.8 h,,IT(100),
190Os,76,190,Os,,stable,26.4,,
191Os,76,191,Os,,15.4 d,,β-(100),
191mOs,76,191,Os,m,13.10 h,,IT(100),
192Os,76,192,Os,,stable,40.78,,
193Os,76,193,Os,,30.11 h,,β-(100),
194Os,76,194,Os,,6.0 y,,β-(100),
184Ir,77,184,Ir,,3.09 h,,β+(100),
185Ir,77,185,Ir,,14.4 h,,β+(100),
186Ir,77,186,Ir,,16.64 h,,β+(100),
186mIr,77,186,Ir,m,1.92 h,,β+(≃75)IT(≃25),
187Ir,77,187,Ir,,10.5 h,,β+(100),
188Ir,77,188,Ir,,41.5 h,,β+(100),
189Ir,77,189,Ir,,13.2 d,,EC(100),
190Ir,77,190,Ir,,11.78 d,,β+(100),
190mIr,77,190,Ir,m,1.120 h,,IT(100),
190nIr,77,190,Ir,n,3.087 h,,β+(91.4)IT(8.6),
191Ir,77,191,Ir,,stable,37.3,,
192Ir,77,192,Ir,,73.831 d,,β-(95.13)EC(4.87),
192nIr,77,192,Ir,n,241 y,,IT(100),
193Ir,77,193,Ir,,stable,62.7,,
193mIr,77,193,Ir,m,10.53 d,,IT(100),
194Ir,77,194,Ir,,19.28 h,,β-(100),
194nIr,77,194,Ir,n,171 d,,β-(100),
195Ir,77,195,Ir,,2.5 h,,β-(100),
195mIr,77,195,Ir,m,3.8 h,,β-(95)IT(5),
196mIr,77,196,Ir,m,1.40 h,,β-(≃100)IT(<0.3),
186Pt,78,186,Pt,,2.08 h,,β+(100),
187Pt,78,187,Pt,,2.35 h,,β+(100),
188Pt,78,188,Pt,,10.2 d,,EC(100),
189Pt,78,189,Pt,,10.87 h,,β+(100),
190Pt,78,190,Pt,,650 Gy,0.014,α(100),
191Pt,78,191,Pt,,2.802 d,,EC(100),
192Pt,78,192,Pt,,stable,0.782,,
193Pt,78,193,Pt,,50 y,,EC(100),
193mPt,78,193,Pt,m,4.33 d,,IT(100),
194Pt,78,194,Pt,,stable,32.67,,printed 32.67; should be 32.967 (see README errata)
195Pt,78,195,Pt,,stable,33.832,,
195mPt,78,195,Pt,m,4.02 d,,IT(100),
196Pt,78,196,Pt,,stable,25.242,,
197Pt,78,197,Pt,,19.8915 h,,β-(100),
198Pt,78,198,Pt,,stable,7.163,,
200Pt,78,200,Pt,,12.5 h,,β-(100),
202Pt,78,202,Pt,,44 h,,β-(100),
191Au,79,191,Au,,3.18 h,,β+(100),
192Au,79,192,Au,,4.94 h,,β+(100),
193Au,79,193,Au,,17.65 h,,β+(100),
194Au,79,194,Au,,38.02 h,,β+(100),
195Au,79,195,Au,,186.10 d,,EC(100),
196Au,79,196,Au,,6.1669 d,,β+(92.8)β-(7.2),
196nAu,79,196,Au,n,9.6 h,,IT(100),
197Au,79,197,Au,,stable,100,,
198Au,79,198,Au,,2.69517 d,,β-(100),
198mAu,79,198,Au,m,2.27 d,,IT(100),
199Au,79,199,Au,,3.139 d,,β-(100),
200mAu,79,200,Au,m,18.7 h,,β-(82)IT(18),
192Hg,80,192,Hg,,4.85 h,,EC(100),
193Hg,80,193,Hg,,3.80 h,,β+(100),
193mHg,80,193,Hg,m,11.8 h,,β+(92.8)IT(7.2),
194Hg,80,194,Hg,,440 y,,EC(100),
195Hg,80,195,Hg,,10.53 h,,β+(100),
195mHg,80,195,Hg,m,41.6 h,,IT(54.2)β+(45.8),
196Hg,80,196,Hg,,stable,0.15,,
197Hg,80,197,Hg,,64.94 h,,EC(100),
197mHg,80,197,Hg,m,23.8 h,,IT(91.4)EC(8.6),
198Hg,80,198,Hg,,stable,9.97,,
199Hg,80,199,Hg,,stable,16.87,,
200Hg,80,200,Hg,,stable,23.10,,
201Hg,80,201,Hg,,stable,13.18,,
202Hg,80,202,Hg,,stable,29.86,,
203Hg,80,203,Hg,,46.612 d,,β-(100),
204Hg,80,204,Hg,,stable,6.87,,
195Tl,81,195,Tl,,1.16 h,,β+(100),
196Tl,81,196,Tl,,1.84 h,,β+(100),
196mTl,81,196,Tl,m,1.41 h,,β+(95.5)IT(4.5),
197Tl,81,197,Tl,,2.84 h,,β+(100),
198Tl,81,198,Tl,,5.3 h,,β+(100),
198mTl,81,198,Tl,m,1.87 h,,β+(54)IT(46),
199Tl,81,199,Tl,,7.42 h,,β+(100),
200Tl,81,200,Tl,,26.1 h,,β+(100),
201Tl,81,201,Tl,,72.912 h,,EC(100),
202Tl,81,202,Tl,,12.23 d,,β+(100),
203Tl,81,203,Tl,,stable,29.524,,
204Tl,81,204,Tl,,3.78 y,,β-(97.10)EC(2.90),
205Tl,81,205,Tl,,stable,70.476,,
198Pb,82,198,Pb,,2.40 h,,β+(100),
200Pb,82,200,Pb,,21.5 h,,EC(100),
201Pb,82,201,Pb,,9.33 h,,β+(100),
202Pb,82,202,Pb,,52.5 ky,,EC(≃100),
202mPb,82,202,Pb,m,3.53 h,,IT(90.5)EC(9.5),
203Pb,82,203,Pb,,51.873 h,,EC(100),
204Pb,82,204,Pb,,stable,1.4,,
205Pb,82,205,Pb,,15.3 My,,EC(100),
206Pb,82,206,Pb,,stable,24.1,,
207Pb,82,207,Pb,,stable,22.1,,
208Pb,82,208,Pb,,stable,52.4,,
209Pb,82,209,Pb,,3.253 h,,β-(100),
210Pb,82,210,Pb,,22.2 y,,β-(100),
212Pb,82,212,Pb,,10.64 h,,β-(100),
202Bi,83,202,Bi,,1.72 h,,β+(100),
203Bi,83,203,Bi,,11.76 h,,β+(100),
204Bi,83,204,Bi,,11.22 h,,β+(100),
205Bi,83,205,Bi,,15.31 d,,β+(100),
206Bi,83,206,Bi,,6.243 d,,β+(100),
207Bi,83,207,Bi,,32.9 y,,β+(100),
208Bi,83,208,Bi,,368 ky,,β+(100),
209Bi,83,209,Bi,,19 Ey,100,α(100),
210Bi,83,210,Bi,,5.012 d,,β-(100),
210mBi,83,210,Bi,m,3.04 My,,α(100),
204Po,84,204,Po,,3.53 h,,β+(99.34)α(0.66),
205Po,84,205,Po,,1.66 h,,β+(≃100)α(0.04),
206Po,84,206,Po,,8.8 d,,β+(94.55)α(5.45),
207Po,84,207,Po,,5.80 h,,β+(≃100)α(0.021),
208Po,84,208,Po,,2.898 y,,α(≃100)β+(0.00223),
209Po,84,209,Po,,102 y,,α(≃100)β+(0.48),
210Po,84,210,Po,,138.376 d,,α(100),
207At,85,207,At,,1.80 h,,β+(91.4)α(8.6),
208At,85,208,At,,1.63 h,,β+(99.45)α(0.55),
209At,85,209,At,,5.41 h,,β+(95.95)α(4.1),
210At,85,210,At,,8.1 h,,β+(≃100)α(0.175),
211At,85,211,At,,7.214 h,,EC(58.20)α(41.80),
210Rn,86,210,Rn,,2.4 h,,α(96)β+(?),
211Rn,86,211,Rn,,14.6 h,,β+(72.6)α(27.4),
222Rn,86,222,Rn,,3.8235 d,,α(100),
223Ra,88,223,Ra,,11.43 d,,α(100),
224Ra,88,224,Ra,,3.66 d,,α(100),
225Ra,88,225,Ra,,14.9 d,,β-(100)SF(<4.7e-9),
226Ra,88,226,Ra,,1.600 ky,,α(100),
228Ra,88,228,Ra,,5.75 y,,β-(100),
224Ac,89,224,Ac,,2.78 h,,β+(90.6)α(9.4)β-(<8.4),
225Ac,89,225,Ac,,10.0 d,,α(100),
226Ac,89,226,Ac,,29.37 h,,β-(83)EC(17)α(0.006),
227Ac,89,227,Ac,,21.772 y,,β-(98.62)α(1.38),
228Ac,89,228,Ac,,6.15 h,,β-(100),
227Th,90,227,Th,,18.68 d,,α(100)SF(5.3e-9),
228Th,90,228,Th,,1.9116 y,,α(100),
229Th,90,229,Th,,7.34 ky,,α(100),
230Th,90,230,Th,,75.38 ky,,α(100),
231Th,90,231,Th,,25.52 h,,β-(100),
232Th,90,232,Th,,14.05 Gy,100,α(100)SF(11e-10),
234Th,90,234,Th,,24.10 d,,β-(100),
228Pa,91,228,Pa,,22 h,,β+(98.0)α(2.0),
229Pa,91,229,Pa,,1.50 d,,EC(≃100)α(0.48),
230Pa,91,230,Pa,,17.4 d,,β+(91.6)β-(8.4)α(0.0032),
231Pa,91,231,Pa,,32.76 ky,,SF(<3e-10)α(100),
232Pa,91,232,Pa,,1.31 d,,β-(≃100)EC(0.003),
233Pa,91,233,Pa,,26.967 d,,β-(100),
234Pa,91,234,Pa,,6.70 h,,β-(100)SF(<3e-10),
230U,92,230,U,,20.8 d,,α(100)SF(<1.4e-10),
231U,92,231,U,,4.2 d,,EC(≃100)α(0.004),
232U,92,232,U,,68.9 y,,α(100),
233U,92,233,U,,159.2 ky,,α(100)SF(<6e-9),
234U,92,234,U,,245.5 ky,0.0055,α(100)SF(1.73e-9),
235U,92,235,U,,704 My,0.720,α(100)SF(7e-9),
236U,92,236,U,,23.42 My,,α(100)SF(9.6e-8),
237U,92,237,U,,6.75 d,,β-(100),
238U,92,238,U,,4.468 Gy,99.2745,α(100)SF(5.45e-5),
240U,92,240,U,,14.1 h,,β-(100)α(<1e-10),
234Np,93,234,Np,,4.4 d,,β+(100),
235Np,93,235,Np,,396.1 d,,EC(≃100)α(0.00260),
236Np,93,236,Np,,154 ky,,EC(87.3)β-(12.5)α(0.16),
236mNp,93,236,Np,m,22.5 h,,EC(52)β-(48),
237Np,93,237,Np,,2.144 My,,SF(<3e-10)α(100),
238Np,93,238,Np,,2.117 d,,β-(100),
239Np,93,239,Np,,2.3565 d,,β-(100)α(5e-10),
234Pu,94,234,Pu,,8.8 h,,EC(≃94)α(≃6)SF(47e-9),
236Pu,94,236,Pu,,2.858 y,,α(100)SF(1.36e-7),
237Pu,94,237,Pu,,45.2 d,,EC(≃100)α(0.0042),
238Pu,94,238,Pu,,87.7 y,,α(100)SF(1.9e-7),
239Pu,94,239,Pu,,24.11 ky,,α(100)SF(3.1e-10),
240Pu,94,240,Pu,,6.564 ky,,α(100)SF(5.7e-6)β-(1.74e-4),
241Pu,94,241,Pu,,14.35 y,,β-(≃100)α(0.00245),
242Pu,94,242,Pu,,375 ky,,α(100)SF(5.50e-4),
243Pu,94,243,Pu,,4.956 h,,β-(100),
244Pu,94,244,Pu,,80.0 My,,α(≃100)SF(0.121),
245Pu,94,245,Pu,,10.5 h,,β-(100),
246Pu,94,246,Pu,,10.84 d,,β-(100),
247Pu,94,247,Pu,,2.27 d,,β-(100),
239Am,95,239,Am,,11.9 h,,EC(≃100)α(0.010),
240Am,95,240,Am,,50.8 h,,β+(100)α(≃1.9e-4),
241Am,95,241,Am,,432.2 y,,α(100)SF(4.3e-10),
242Am,95,242,Am,,16.02 h,,β-(82.7)EC(17.3),
242mAm,95,242,Am,m,141 y,,IT(≃100)α(0.45),
243Am,95,243,Am,,7.37 ky,,α(100)SF(3.7e-9),
244Am,95,244,Am,,10.1 h,,β-(100),
245Am,95,245,Am,,2.05 h,,β-(100),
238Cm,96,238,Cm,,2.4 h,,EC(?)α(<10),
239Cm,96,239,Cm,,2.9 h,,β+(≃100)α(<0.1),
240Cm,96,240,Cm,,27 d,,α(≃100)EC(<0.5)EC(0.076)SF(<0.045),
241Cm,96,241,Cm,,32.8 d,,EC(99.0)α(1.0),
242Cm,96,242,Cm,,162.8 d,,α(100)SF(6.2e-6),
243Cm,96,243,Cm,,29.1 y,,α(≃100)EC(0.29),
244Cm,96,244,Cm,,18.10 y,,α(100)SF(1.347e-4),
245Cm,96,245,Cm,,8.5 ky,,α(100)SF(6.1e-7),
246Cm,96,246,Cm,,4.73 ky,,α(≃100)SF(0.02615),
247Cm,96,247,Cm,,15.6 My,,α(100),
248Cm,96,248,Cm,,348 ky,,α(91.61)SF(8.39),
250Cm,96,250,Cm,,8300 y,,SF(≃74)α(≃18)β-(≃8),
252Cm,96,252,Cm,,<1 d,,β-(?),
243Bk,97,243,Bk,,4.5 h,,β+(≃100)α(≃0.15),
244Bk,97,244,Bk,,4.35 h,,β+(?)α(0.006),
245Bk,97,245,Bk,,4.94 d,,EC(≃100)α(0.12),
246Bk,97,246,Bk,,1.80 d,,β+(≃100)α(<0.1),
247Bk,97,247,Bk,,1.38 ky,,α(≃100)SF(?),
248mBk,97,248,Bk,m,23.7 h,,β-(70)EC(30)α(0.001),
249Bk,97,249,Bk,,330 d,,β-(≃100)α(0.00145),
250Bk,97,250,Bk,,3.212 h,,β-(100),
246Cf,98,246,Cf,,35.7 h,,α(100)SF(2.5e-4),
247Cf,98,247,Cf,,3.11 h,,EC(≃100)α(0.035),
248Cf,98,248,Cf,,334 d,,α(≃100)SF(0.0029),
249Cf,98,249,Cf,,351 y,,α(100)SF(5.0e-7),
250Cf,98,250,Cf,,13.08 y,,α(≃100)SF(0.077),
251Cf,98,251,Cf,,900 y,,α(100)SF(?),
252Cf,98,252,Cf,,2.645 y,,α(96.908)SF(3.092),
253Cf,98,253,Cf,,17.81 d,,β-(≃100)α(0.31),
254Cf,98,254,Cf,,60.5 d,,SF(≃100)α(0.31),
250Es,99,250,Es,,8.6 h,,β+(>97)α(?),
250mEs,99,250,Es,m,2.22 h,,EC(>99)α(?),
251Es,99,251,Es,,33 h,,EC(?)α(0.5),
252Es,99,252,Es,,471.7 d,,α(78)EC(22)β-(≃0.01),
253Es,99,253,Es,,20.47 d,,α(100)SF(8.7e-6),
254Es,99,254,Es,,275.7 d,,α(100)EC(0.03)SF(3e-6),
254mEs,99,254,Es,m,39.3 h,,β-(98)IT(<3)α(0.32),
255Es,99,255,Es,,39.8 d,,β-(92)α(8.0)SF(0.0041),
256mEs,99,256,Es,m,7.6 h,,β-(≃100)SF(0.002),
251Fm,100,251,Fm,,5.30 h,,β+(98.20)α(1.80),
252Fm,100,252,Fm,,25.39 h,,α(≃100)SF(0.0023),
253Fm,100,253,Fm,,3.00 d,,EC(88)α(12),
254Fm,100,254,Fm,,3.240 h,,α(≃100)SF(0.0592),
255Fm,100,255,Fm,,20.07 h,,α(100)SF(2.4e-5),
257Fm,100,257,Fm,,100.5 d,,α(≃100)SF(0.210),
257Md,101,257,Md,,5.52 h,,EC(85)α(15)SF(<4),
258Md,101,258,Md,,51.50 d,,α(≃100)β±(<0.0015),
