N,Z,A,symbol,book_symbol,atomic_mass_u
1,0,1,n,,1.0086649233
0,1,1,H,,1.0078250321
1,1,2,H,,2.014101778
2,1,3,H,,3.0160492675
3,1,4,H,,4.02783
4,1,5,H,,5.03954
5,1,6,H,,6.04494
1,2,3,He,,3.0160293097
2,2,4,He,,4.0026032497
3,2,5,He,,5.01222
4,2,6,He,,6.0188881
5,2,7,He,,7.02803
6,2,8,He,,8.033922
7,2,9,He,,9.04382
8,2,10,He,,10.0524
1,3,4,Li,,4.02718
2,3,5,Li,,5.01254
3,3,6,Li,,6.0151223
4,3,7,Li,,7.016004
5,3,8,Li,,8.0224867
6,3,9,Li,,9.0267891
7,3,10,Li,,10.035481
8,3,11,Li,,11.043796
9,3,12,Li,,12.05378
1,4,5,Be,,5.04079
2,4,6,Be,,6.019726
3,4,7,Be,,7.0169292
4,4,8,Be,,8.00530509
5,4,9,Be,,9.0121821
6,4,10,Be,,10.0135337
7,4,11,Be,,11.021658
8,4,12,Be,,12.026921
9,4,13,Be,,13.03613
10,4,14,Be,,14.04282
2,5,7,B,,7.02992
3,5,8,B,,8.0246067
4,5,9,B,,9.0133288
5,5,10,B,,10.012937
6,5,11,B,,11.0093055
7,5,12,B,,12.0143521
8,5,13,B,,13.0177803
9,5,14,B,,14.025404
10,5,15,B,,15.031097
11,5,16,B,,16.03981
12,5,17,B,,17.04693
13,5,18,B,,18.05617
14,5,19,B,,19.06373
2,6,8,C,,8.037675
3,6,9,C,,9.0310401
4,6,10,C,,10.0168531
5,6,11,C,,11.0114338
6,6,12,C,,12
7,6,13,C,,13.0033548378
8,6,14,C,,14.003241988
9,6,15,C,,15.0105993
10,6,16,C,,16.014701
11,6,17,C,,17.022584
12,6,18,C,,18.02676
13,6,19,C,,19.03525
14,6,20,C,,20.04032
15,6,21,C,,21.04934
16,6,22,C,,22.05645
3,7,10,N,,10.04262
4,7,11,N,,11.0268
5,7,12,N,,12.0186132
6,7,13,N,,13.00573858
7,7,14,N,,14.0030740052
8,7,15,N,,15.0001088984
9,7,16,N,,16.0061014
10,7,17,N,,17.00845
11,7,18,N,,18.014082
12,7,19,N,,19.017027
13,7,20,N,,20.02337
14,7,21,N,,21.02709
15,7,22,N,,22.03444
16,7,23,N,,23.04051
17,7,24,N,,24.0505
4,8,12,O,,12.034405
5,8,13,O,,13.02481
6,8,14,O,,14.00859529
7,8,15,O,,15.0030654
8,8,16,O,,15.9949146221
9,8,17,O,,16.9991315
10,8,18,O,,17.9991604
11,8,19,O,,19.003579
12,8,20,O,,20.0040762
13,8,21,O,,21.008655
14,8,22,O,,22.00997
15,8,23,O,,23.01569
16,8,24,O,,24.02037
17,8,25,O,,25.02914
18,8,26,O,,26.03775
5,9,14,F,,14.03608
6,9,15,F,,15.01801
7,9,16,F,,16.011466
8,9,17,F,,17.00209524
9,9,18,F,,18.0009377
10,9,19,F,,18.9984032
11,9,20,F,,19.99998132
12,9,21,F,,20.9999489
13,9,22,F,,22.002999
14,9,23,F,,23.00357
15,9,24,F,,24.0081
16,9,25,F,,25.01209
17,9,26,F,,26.01963
18,9,27,F,,27.02689
19,9,28,F,,28.03567
20,9,29,F,,29.04326
6,10,16,Ne,,16.025757
7,10,17,Ne,,17.0177
8,10,18,Ne,,18.0056971
9,10,19,Ne,,19.0018798
10,10,20,Ne,,19.9924401759
11,10,21,Ne,,20.99384674
12,10,22,Ne,,21.99138551
13,10,23,Ne,,22.99446734
14,10,24,Ne,,23.993615
15,10,25,Ne,,24.99779
16,10,26,Ne,,26.00046
17,10,27,Ne,,27.00762
18,10,28,Ne,,28.01211
19,10,29,Ne,,29.01935
20,10,30,Ne,,30.02387
21,10,31,Ne,,31.03311
22,10,32,Ne,,32.03991
7,11,18,Na,,18.02718
8,11,19,Na,,19.013879
9,11,20,Na,,20.007348
10,11,21,Na,,20.9976551
11,11,22,Na,,21.9944368
12,11,23,Na,,22.98976967
13,11,24,Na,,23.99096333
14,11,25,Na,,24.9899544
15,11,26,Na,,25.99259
16,11,27,Na,,26.99401
17,11,28,Na,,27.99889
18,11,29,Na,,29.00281
19,11,30,Na,,30.00923
20,11,31,Na,,31.0136
21,11,32,Na,,32.01965
22,11,33,Na,,33.02739
23,11,34,Na,,34.0349
24,11,35,Na,,35.04418
8,12,20,Mg,,20.018863
9,12,21,Mg,,21.011714
10,12,22,Mg,,21.9995741
11,12,23,Mg,,22.9941249
12,12,24,Mg,,23.9850419
13,12,25,Mg,,24.98583702
14,12,26,Mg,,25.98259304
15,12,27,Mg,,26.98434074
16,12,28,Mg,,27.9838767
17,12,29,Mg,,28.98855
18,12,30,Mg,,29.99046
19,12,31,Mg,,30.99655
20,12,32,Mg,,31.99915
21,12,33,Mg,,33.00559
22,12,34,Mg,,34.00907
23,12,35,Mg,,35.01749
24,12,36,Mg,,36.02245
25,12,37,Mg,,37.03124
8,13,21,Al,,21.02804
9,13,22,Al,,22.01952
10,13,23,Al,,23.007265
11,13,24,Al,,23.999941
12,13,25,Al,,24.9904286
13,13,26,Al,,25.98689166
14,13,27,Al,,26.98153844
15,13,28,Al,,27.98191018
16,13,29,Al,,28.9804448
17,13,30,Al,,29.98296
18,13,31,Al,,30.983946
19,13,32,Al,,31.98812
20,13,33,Al,,32.99087
21,13,34,Al,,33.99693
22,13,35,Al,,34.99994
23,13,36,Al,,36.00635
24,13,37,Al,,37.01031
25,13,38,Al,,38.0169
26,13,39,Al,,39.0219
8,14,22,Si,,22.03453
9,14,23,Si,,23.02552
10,14,24,Si,,24.011546
11,14,25,Si,,25.004107
12,14,26,Si,,25.99233
13,14,27,Si,,26.98670476
14,14,28,Si,,27.9769265327
15,14,29,Si,,28.97649472
16,14,30,Si,,29.97377022
17,14,31,Si,,30.97536327
18,14,32,Si,,31.9741481
19,14,33,Si,,32.978001
20,14,34,Si,,33.978576
21,14,35,Si,,34.98458
22,14,36,Si,,35.98669
23,14,37,Si,,36.993
24,14,38,Si,,37.99598
25,14,39,Si,,39.0023
26,14,40,Si,,40.0058
27,14,41,Si,,41.0127
28,14,42,Si,,42.0161
9,15,24,P,,24.03435
10,15,25,P,,25.02026
11,15,26,P,,26.01178
12,15,27,P,,26.99919
13,15,28,P,,27.992312
14,15,29,P,,28.9818014
15,15,30,P,,29.9783138
16,15,31,P,,30.97376151
17,15,32,P,,31.97390716
18,15,33,P,,32.9717253
19,15,34,P,,33.973636
20,15,35,P,,34.9733142
21,15,36,P,,35.97826
22,15,37,P,,36.97961
23,15,38,P,,37.98447
24,15,39,P,,38.98642
25,15,40,P,,39.99105
26,15,41,P,,40.9948
27,15,42,P,,42.00009
28,15,43,P,,43.00331
29,15,44,P,,44.00988
30,15,45,P,,45.01514
31,15,46,P,,46.02383
10,16,26,S,,26.02788
11,16,27,S,,27.0188
12,16,28,S,,28.00437
13,16,29,S,,28.99661
14,16,30,S,,29.984903
15,16,31,S,,30.9795544
16,16,32,S,,31.97207069
17,16,33,S,,32.9714585
18,16,34,S,,33.96786683
19,16,35,S,,34.96903214
20,16,36,S,,35.96708088
21,16,37,S,,36.97112572
22,16,38,S,,37.971163
23,16,39,S,,38.97514
24,16,40,S,,39.97547
25,16,41,S,,40.98003
26,16,42,S,,41.98149
27,16,43,S,,42.9866
28,16,44,S,,43.98832
29,16,45,S,,44.99482
30,16,46,S,,45.99957
31,16,47,S,,47.00762
32,16,48,S,,48.01299
33,16,49,S,,49.02201
11,17,28,Cl,,28.02851
12,17,29,Cl,,29.01411
13,17,30,Cl,,30.00477
14,17,31,Cl,,30.99242
15,17,32,Cl,,31.985689
16,17,33,Cl,,32.9774518
17,17,34,Cl,,33.97376197
18,17,35,Cl,,34.96885271
19,17,36,Cl,,35.96830695
20,17,37,Cl,,36.9659026
21,17,38,Cl,,37.96801055
22,17,39,Cl,,38.9680077
23,17,40,Cl,,39.97042
24,17,41,Cl,,40.97065
25,17,42,Cl,,41.97317
26,17,43,Cl,,42.9742
27,17,44,Cl,,43.97854
28,17,45,Cl,,44.9797
29,17,46,Cl,,45.98412
30,17,47,Cl,,46.98795
31,17,48,Cl,,47.99485
32,17,49,Cl,,48.99989
33,17,50,Cl,,50.00773
34,17,51,Cl,,51.01353
12,18,30,Ar,,30.02156
13,18,31,Ar,,31.01213
14,18,32,Ar,,31.99766
15,18,33,Ar,,32.98993
16,18,34,Ar,,33.98027
17,18,35,Ar,,34.9752567
18,18,36,Ar,,35.96754628
19,18,37,Ar,,36.9667759
20,18,38,Ar,,37.9627322
21,18,39,Ar,,38.964313
22,18,40,Ar,,39.962383123
23,18,41,Ar,,40.9645008
24,18,42,Ar,,41.96305
25,18,43,Ar,,42.96567
26,18,44,Ar,,43.965365
27,18,45,Ar,,44.96809
28,18,46,Ar,,45.96809
29,18,47,Ar,,46.97219
30,18,48,Ar,,47.97507
31,18,49,Ar,,48.98218
32,18,50,Ar,,49.98594
33,18,51,Ar,,50.99324
34,18,52,Ar,,51.99817
35,18,53,Ar,,53.00623
13,19,32,K,,32.02192
14,19,33,K,,33.00726
15,19,34,K,,33.99841
16,19,35,K,,34.988012
17,19,36,K,,35.981293
18,19,37,K,,36.97337691
19,19,38,K,,37.9690801
20,19,39,K,,38.9637069
21,19,40,K,,39.96399867
22,19,41,K,,40.96182597
23,19,42,K,,41.9624031
24,19,43,K,,42.960716
25,19,44,K,,43.96156
26,19,45,K,,44.9607
27,19,46,K,,45.961976
28,19,47,K,,46.961678
29,19,48,K,,47.965513
30,19,49,K,,48.96745
31,19,50,K,,49.97278
32,19,51,K,,50.97638
33,19,52,K,,51.98261
34,19,53,K,,52.98712
35,19,54,K,,53.99399
36,19,55,K,,54.99939
14,20,34,Ca,,34.01412
15,20,35,Ca,,35.00477
16,20,36,Ca,,35.99309
17,20,37,Ca,,36.985872
18,20,38,Ca,,37.976319
19,20,39,Ca,,38.9707177
20,20,40,Ca,,39.9625912
21,20,41,Ca,,40.9622783
22,20,42,Ca,,41.9586183
23,20,43,Ca,,42.9587668
24,20,44,Ca,,43.9554811
25,20,45,Ca,,44.9561859
26,20,46,Ca,,45.9536928
27,20,47,Ca,,46.9545465
28,20,48,Ca,,47.952534
29,20,49,Ca,,48.955673
30,20,50,Ca,,49.957518
31,20,51,Ca,,50.96147
32,20,52,Ca,,51.9651
33,20,53,Ca,,52.97005
34,20,54,Ca,,53.97468
35,20,55,Ca,,54.98055
36,20,56,Ca,,55.98579
37,20,57,Ca,,56.99236
15,21,36,Sc,,36.01492
16,21,37,Sc,,37.00305
17,21,38,Sc,,37.9947
18,21,39,Sc,,38.98479
19,21,40,Sc,,39.977964
20,21,41,Sc,,40.9692513
21,21,42,Sc,,41.9655168
22,21,43,Sc,,42.961151
23,21,44,Sc,,43.959403
24,21,45,Sc,,44.9559102
25,21,46,Sc,,45.9551703
26,21,47,Sc,,46.952408
27,21,48,Sc,,47.952235
28,21,49,Sc,,48.950024
29,21,50,Sc,,49.952187
30,21,51,Sc,,50.953603
31,21,52,Sc,,51.95665
32,21,53,Sc,,52.95924
33,21,54,Sc,,53.963
34,21,55,Sc,,54.96743
35,21,56,Sc,,55.97266
36,21,57,Sc,,56.97704
37,21,58,Sc,,57.98307
38,21,59,Sc,,58.98804
16,22,38,Ti,,38.00977
17,22,39,Ti,,39.00132
18,22,40,Ti,,39.9905
19,22,41,Ti,,40.98313
20,22,42,Ti,,41.973032
21,22,43,Ti,,42.968523
22,22,44,Ti,,43.9596902
23,22,45,Ti,,44.9581243
24,22,46,Ti,,45.9526295
25,22,47,Ti,,46.9517638
26,22,48,Ti,,47.9479471
27,22,49,Ti,,48.9478708
28,22,50,Ti,,49.9447921
29,22,51,Ti,,50.946616
30,22,52,Ti,,51.946898
31,22,53,Ti,,52.94973
32,22,54,Ti,,53.95087
33,22,55,Ti,,54.95512
34,22,56,Ti,,55.95799
35,22,57,Ti,,56.9629
36,22,58,Ti,,57.96611
37,22,59,Ti,,58.97196
38,22,60,Ti,,59.97564
39,22,61,Ti,,60.98202
17,23,40,V,,40.01109
18,23,41,V,,40.99974
19,23,42,V,,41.99123
20,23,43,V,,42.98065
21,23,44,V,,43.9744
22,23,45,V,,44.965782
23,23,46,V,,45.9601995
24,23,47,V,,46.9549069
25,23,48,V,,47.9522545
26,23,49,V,,48.9485169
27,23,50,V,,49.9471628
28,23,51,V,,50.9439637
29,23,52,V,,51.9447797
30,23,53,V,,52.944343
31,23,54,V,,53.946444
32,23,55,V,,54.94724
33,23,56,V,,55.95036
34,23,57,V,,56.95236
35,23,58,V,,57.95665
36,23,59,V,,58.9593
37,23,60,V,,59.9645
38,23,61,V,,60.96741
39,23,62,V,,61.97314
40,23,63,V,,62.97675
18,24,42,Cr,,42.00643
19,24,43,Cr,,42.99771
20,24,44,Cr,,43.98547
21,24,45,Cr,,44.97916
22,24,46,Cr,,45.968362
23,24,47,Cr,,46.962907
24,24,48,Cr,,47.954036
25,24,49,Cr,,48.9513411
26,24,50,Cr,,49.9460496
27,24,51,Cr,,50.9447718
28,24,52,Cr,,51.9405119
29,24,53,Cr,,52.9406538
30,24,54,Cr,,53.9388849
31,24,55,Cr,,54.9408442
32,24,56,Cr,,55.940645
33,24,57,Cr,,56.94375
34,24,58,Cr,,57.94425
35,24,59,Cr,,58.94863
36,24,60,Cr,,59.94973
37,24,61,Cr,,60.95409
38,24,62,Cr,,61.9558
39,24,63,Cr,,62.96186
40,24,64,Cr,,63.9642
41,24,65,Cr,,64.97037
19,25,44,Mn,,44.00687
20,25,45,Mn,,44.99451
21,25,46,Mn,,45.98672
22,25,47,Mn,,46.9761
23,25,48,Mn,,47.96887
24,25,49,Mn,,48.959623
25,25,50,Mn,,49.954244
26,25,51,Mn,,50.9482155
27,25,52,Mn,,51.9455701
28,25,53,Mn,,52.9412947
29,25,54,Mn,,53.9403632
30,25,55,Mn,,54.9380496
31,25,56,Mn,,55.9389094
32,25,57,Mn,,56.938287
33,25,58,Mn,,57.93999
34,25,59,Mn,,58.94045
35,25,60,Mn,,59.94319
36,25,61,Mn,,60.94446
37,25,62,Mn,,61.94797
38,25,63,Mn,,62.94981
39,25,64,Mn,,63.95373
40,25,65,Mn,,64.9561
41,25,66,Mn,,65.96082
42,25,67,Mn,,66.96382
19,26,45,Fe,,45.01456
20,26,46,Fe,,46.00081
21,26,47,Fe,,46.99289
22,26,48,Fe,,47.98056
23,26,49,Fe,,48.97361
24,26,50,Fe,,49.96299
25,26,51,Fe,,50.956825
26,26,52,Fe,,51.948117
27,26,53,Fe,,52.9453123
28,26,54,Fe,,53.9396148
29,26,55,Fe,,54.938298
30,26,56,Fe,,55.9349421
31,26,57,Fe,,56.9353987
32,26,58,Fe,,57.9332805
33,26,59,Fe,,58.9348805
34,26,60,Fe,,59.934077
35,26,61,Fe,,60.936749
36,26,62,Fe,,61.93677
37,26,63,Fe,,62.94012
38,26,64,Fe,,63.94087
39,26,65,Fe,,64.94494
40,26,66,Fe,,65.94598
41,26,67,Fe,,66.95
42,26,68,Fe,,67.95251
43,26,69,Fe,,68.9577
21,27,48,Co,,48.00176
22,27,49,Co,,48.98972
23,27,50,Co,,49.98154
24,27,51,Co,,50.97072
25,27,52,Co,,51.96359
26,27,53,Co,,52.954225
27,27,54,Co,,53.9484641
28,27,55,Co,,54.9420031
29,27,56,Co,,55.9398439
30,27,57,Co,,56.9362962
31,27,58,Co,,57.9357576
32,27,59,Co,,58.9332002
33,27,60,Co,,59.9338222
34,27,61,Co,,60.9324794
35,27,62,Co,,61.934054
36,27,63,Co,,62.933615
37,27,64,Co,,63.935814
38,27,65,Co,,64.936485
39,27,66,Co,,65.93983
40,27,67,Co,,66.94061
41,27,68,Co,,67.94436
42,27,69,Co,,68.9452
43,27,70,Co,,69.94981
44,27,71,Co,,70.95173
45,27,72,Co,,71.95641
22,28,50,Ni,,49.99593
23,28,51,Ni,,50.98772
24,28,52,Ni,,51.97568
25,28,53,Ni,,52.96846
26,28,54,Ni,,53.95791
27,28,55,Ni,,54.951336
28,28,56,Ni,,55.942136
29,28,57,Ni,,56.9398
30,28,58,Ni,,57.9353479
31,28,59,Ni,,58.9343516
32,28,60,Ni,,59.9307906
33,28,61,Ni,,60.9310604
34,28,62,Ni,,61.9283488
35,28,63,Ni,,62.9296729
36,28,64,Ni,,63.9279696
37,28,65,Ni,,64.930088
38,28,66,Ni,,65.929115
39,28,67,Ni,,66.93157
40,28,68,Ni,,67.931845
41,28,69,Ni,,68.93518
42,28,70,Ni,,69.93614
43,28,71,Ni,,70.94
44,28,72,Ni,,71.9413
45,28,73,Ni,,72.94608
46,28,74,Ni,,73.94791
47,28,75,Ni,,74.95297
48,28,76,Ni,,75.95533
49,28,77,Ni,,76.96083
50,28,78,Ni,,77.9638
23,29,52,Cu,,51.99718
24,29,53,Cu,,52.98555
25,29,54,Cu,,53.97671
26,29,55,Cu,,54.96605
27,29,56,Cu,,55.95856
28,29,57,Cu,,56.949216
29,29,58,Cu,,57.9445407
30,29,59,Cu,,58.9395041
31,29,60,Cu,,59.9373681
32,29,61,Cu,,60.9334622
33,29,62,Cu,,61.932587
34,29,63,Cu,,62.9296011
35,29,64,Cu,,63.9297679
36,29,65,Cu,,64.9277937
37,29,66,Cu,,65.928873
38,29,67,Cu,,66.92775
39,29,68,Cu,,67.92964
40,29,69,Cu,,68.929425
41,29,70,Cu,,69.932409
42,29,71,Cu,,70.93262
43,29,72,Cu,,71.93552
44,29,73,Cu,,72.93649
45,29,74,Cu,,73.9402
46,29,75,Cu,,74.9417
47,29,76,Cu,,75.94599
48,29,77,Cu,,76.94795
49,29,78,Cu,,77.95281
50,29,79,Cu,,78.95528
51,29,80,Cu,,79.96189
24,30,54,Zn,,53.99295
25,30,55,Zn,,54.98398
26,30,56,Zn,,55.97238
27,30,57,Zn,,56.96491
28,30,58,Zn,,57.9546
29,30,59,Zn,,58.94927
30,30,60,Zn,,59.941832
31,30,61,Zn,,60.939514
32,30,62,Zn,,61.934334
33,30,63,Zn,,62.9332156
34,30,64,Zn,,63.9291466
35,30,65,Zn,,64.9292451
36,30,66,Zn,,65.9260368
37,30,67,Zn,,66.9271309
38,30,68,Zn,,67.9248476
39,30,69,Zn,,68.9265535
40,30,70,Zn,,69.925325
41,30,71,Zn,,70.927727
42,30,72,Zn,,71.926861
43,30,73,Zn,,72.92978
44,30,74,Zn,,73.92946
45,30,75,Zn,,74.93294
46,30,76,Zn,,75.93339
47,30,77,Zn,,76.93709
48,30,78,Zn,,77.93857
49,30,79,Zn,,78.94268
50,30,80,Zn,,79.94441
51,30,81,Zn,,80.95048
52,30,82,Zn,,81.95484
25,31,56,Ga,,55.99491
26,31,57,Ga,,56.98293
27,31,58,Ga,,57.97425
28,31,59,Ga,,58.96337
29,31,60,Ga,,59.95706
30,31,61,Ga,,60.94917
31,31,62,Ga,,61.94418
32,31,63,Ga,,62.93914
33,31,64,Ga,,63.936838
34,31,65,Ga,,64.9327393
35,31,66,Ga,,65.931592
36,31,67,Ga,,66.9282049
37,31,68,Ga,,67.9279835
38,31,69,Ga,,68.925581
39,31,70,Ga,,69.926028
40,31,71,Ga,,70.924705
41,31,72,Ga,,71.9263694
42,31,73,Ga,,72.92517
43,31,74,Ga,,73.92694
44,31,75,Ga,,74.926501
45,31,76,Ga,,75.92893
46,31,77,Ga,,76.92928
47,31,78,Ga,,77.93166
48,31,79,Ga,,78.93292
49,31,80,Ga,,79.93659
50,31,81,Ga,,80.93775
51,31,82,Ga,,81.94316
52,31,83,Ga,,82.94687
53,31,84,Ga,,83.95234
26,32,58,Ge,,57.99101
27,32,59,Ge,,58.98175
28,32,60,Ge,,59.97019
29,32,61,Ge,,60.96379
30,32,62,Ge,,61.95465
31,32,63,Ge,,62.94964
32,32,64,Ge,,63.94157
33,32,65,Ge,,64.93944
34,32,66,Ge,,65.93385
35,32,67,Ge,,66.932738
36,32,68,Ge,,67.928097
37,32,69,Ge,,68.927972
38,32,70,Ge,,69.9242504
39,32,71,Ge,,70.924954
40,32,72,Ge,,71.9220762
41,32,73,Ge,,72.9234594
42,32,74,Ge,,73.9211782
43,32,75,Ge,,74.9228595
44,32,76,Ge,,75.9214027
45,32,77,Ge,,76.9235485
46,32,78,Ge,,77.922853
47,32,79,Ge,,78.9254
48,32,80,Ge,,79.925445
49,32,81,Ge,,80.92882
50,32,82,Ge,,81.92955
51,32,83,Ge,,82.93451
52,32,84,Ge,,83.93731
53,32,85,Ge,,84.94269
54,32,86,Ge,,85.94627
27,33,60,As,,59.99313
28,33,61,As,,60.98062
29,33,62,As,,61.9732
30,33,63,As,,62.96369
31,33,64,As,,63.95757
32,33,65,As,,64.94948
33,33,66,As,,65.94437
34,33,67,As,,66.93919
35,33,68,As,,67.93679
36,33,69,As,,68.93228
37,33,70,As,,69.93093
38,33,71,As,,70.927115
39,33,72,As,,71.926753
40,33,73,As,,72.923825
41,33,74,As,,73.9239291
42,33,75,As,,74.9215964
43,33,76,As,,75.9223939
44,33,77,As,,76.9206477
45,33,78,As,,77.921829
46,33,79,As,,78.920948
47,33,80,As,,79.922578
48,33,81,As,,80.922133
49,33,82,As,,81.9245
50,33,83,As,,82.92498
51,33,84,As,,83.92906
52,33,85,As,,84.93181
53,33,86,As,,85.93623
54,33,87,As,,86.93958
55,33,88,As,,87.94456
56,33,89,As,,88.94923
31,34,65,Se,,64.96466
32,34,66,Se,,65.95521
33,34,67,Se,,66.95009
34,34,68,Se,,67.94187
35,34,69,Se,,68.93956
36,34,70,Se,,69.9335
37,34,71,Se,,70.93227
38,34,72,Se,,71.927112
39,34,73,Se,,72.926767
40,34,74,Se,,73.9224766
41,34,75,Se,,74.9225236
42,34,76,Se,,75.9192141
43,34,77,Se,,76.9199146
44,34,78,Se,,77.9173095
45,34,79,Se,,78.9184998
46,34,80,Se,,79.9165218
47,34,81,Se,,80.9179929
48,34,82,Se,,81.9167
49,34,83,Se,,82.919119
50,34,84,Se,,83.918465
51,34,85,Se,,84.92224
52,34,86,Se,,85.924271
53,34,87,Se,,86.92852
54,34,88,Se,,87.93142
55,34,89,Se,,88.93602
56,34,90,Se,,89.93942
57,34,91,Se,,90.94537
58,34,92,Se,,91.94933
32,35,67,Br,,66.96479
33,35,68,Br,,67.95825
34,35,69,Br,,68.95018
35,35,70,Br,,69.94462
36,35,71,Br,,70.93925
37,35,72,Br,,71.9365
38,35,73,Br,,72.93179
39,35,74,Br,,73.929891
40,35,75,Br,,74.925776
41,35,76,Br,,75.924542
42,35,77,Br,,76.92138
43,35,78,Br,,77.921146
44,35,79,Br,,78.9183376
45,35,80,Br,,79.91853
46,35,81,Br,,80.916291
47,35,82,Br,,81.916805
48,35,83,Br,,82.91518
49,35,84,Br,,83.916504
50,35,85,Br,,84.915608
51,35,86,Br,,85.918797
52,35,87,Br,,86.920711
53,35,88,Br,,87.92407
54,35,89,Br,,88.92639
55,35,90,Br,,89.93063
56,35,91,Br,,90.93397
57,35,92,Br,,91.93926
58,35,93,Br,,92.9431
59,35,94,Br,,93.94868
33,36,69,Kr,,68.96532
34,36,70,Kr,,69.95601
35,36,71,Kr,,70.95051
36,36,72,Kr,,71.94191
37,36,73,Kr,,72.93893
38,36,74,Kr,,73.93326
39,36,75,Kr,,74.931034
40,36,76,Kr,,75.925948
41,36,77,Kr,,76.924668
42,36,78,Kr,,77.920386
43,36,79,Kr,,78.920083
44,36,80,Kr,,79.916378
45,36,81,Kr,,80.916592
46,36,82,Kr,,81.9134846
47,36,83,Kr,,82.914136
48,36,84,Kr,,83.911507
49,36,85,Kr,,84.912527
50,36,86,Kr,,85.9106103
51,36,87,Kr,,86.9133543
52,36,88,Kr,,87.914447
53,36,89,Kr,,88.91763
54,36,90,Kr,,89.919524
55,36,91,Kr,,90.92344
56,36,92,Kr,,91.926153
57,36,93,Kr,,92.93127
58,36,94,Kr,,93.93436
59,36,95,Kr,,94.93984
60,36,96,Kr,,95.94307
61,36,97,Kr,,96.94856
34,37,71,Rb,,70.96532
35,37,72,Rb,,71.95908
36,37,73,Rb,,72.95037
37,37,74,Rb,,73.94447
38,37,75,Rb,,74.938569
39,37,76,Rb,,75.935071
40,37,77,Rb,,76.930407
41,37,78,Rb,,77.928141
42,37,79,Rb,,78.923997
43,37,80,Rb,,79.922519
44,37,81,Rb,,80.918994
45,37,82,Rb,,81.918208
46,37,83,Rb,,82.915112
47,37,84,Rb,,83.914385
48,37,85,Rb,,84.9117893
49,37,86,Rb,,85.9111671
50,37,87,Rb,,86.9091835
51,37,88,Rb,,87.911319
52,37,89,Rb,,88.91228
53,37,90,Rb,,89.914809
54,37,91,Rb,,90.916534
55,37,92,Rb,,91.919725
56,37,93,Rb,,92.922033
57,37,94,Rb,,93.926407
58,37,95,Rb,,94.929319
59,37,96,Rb,,95.934284
60,37,97,Rb,,96.93734
61,37,98,Rb,,97.9417
62,37,99,Rb,,98.94542
63,37,100,Rb,,99.94987
64,37,101,Rb,,100.9532
65,37,102,Rb,,101.95921
35,38,73,Sr,,72.96597
36,38,74,Sr,,73.95631
37,38,75,Sr,,74.94992
38,38,76,Sr,,75.94161
39,38,77,Sr,,76.93776
40,38,78,Sr,,77.932179
41,38,79,Sr,,78.929707
42,38,80,Sr,,79.924525
43,38,81,Sr,,80.923213
44,38,82,Sr,,81.918401
45,38,83,Sr,,82.917555
46,38,84,Sr,,83.913425
47,38,85,Sr,,84.912933
48,38,86,Sr,,85.9092624
49,38,87,Sr,,86.9088793
50,38,88,Sr,,87.9056143
51,38,89,Sr,,88.9074529
52,38,90,Sr,,89.9077376
53,38,91,Sr,,90.91021
54,38,92,Sr,,91.91103
55,38,93,Sr,,92.914022
56,38,94,Sr,,93.91536
57,38,95,Sr,,94.919358
58,38,96,Sr,,95.92168
59,38,97,Sr,,96.926149
60,38,98,Sr,,97.928471
61,38,99,Sr,,98.93332
62,38,100,Sr,,99.93535
63,38,101,Sr,,100.94052
64,38,102,Sr,,101.94302
65,38,103,Sr,,102.94895
66,38,104,Sr,,103.95233
38,39,77,Y,,76.94962
39,39,78,Y,,77.9435
40,39,79,Y,,78.93735
41,39,80,Y,,79.93434
42,39,81,Y,,80.92913
43,39,82,Y,,81.92679
44,39,83,Y,,82.92235
45,39,84,Y,,83.92039
46,39,85,Y,,84.916427
47,39,86,Y,,85.914888
48,39,87,Y,,86.9108778
49,39,88,Y,,87.9095034
50,39,89,Y,,88.9058479
51,39,90,Y,,89.9071514
52,39,91,Y,,90.907303
53,39,92,Y,,91.908947
54,39,93,Y,,92.909582
55,39,94,Y,,93.911594
56,39,95,Y,,94.912824
57,39,96,Y,,95.915898
58,39,97,Y,,96.918131
59,39,98,Y,,97.92222
60,39,99,Y,,98.924635
61,39,100,Y,,99.92776
62,39,101,Y,,100.93031
63,39,102,Y,,101.93356
64,39,103,Y,,102.93694
65,39,104,Y,,103.94145
66,39,105,Y,,104.94509
67,39,106,Y,,105.95022
39,40,79,Zr,,78.94916
40,40,80,Zr,,79.94055
41,40,81,Zr,,80.93682
42,40,82,Zr,,81.93109
43,40,83,Zr,,82.92865
44,40,84,Zr,,83.92325
45,40,85,Zr,,84.92147
46,40,86,Zr,,85.91647
47,40,87,Zr,,86.914817
48,40,88,Zr,,87.910226
49,40,89,Zr,,88.908889
50,40,90,Zr,,89.9047037
51,40,91,Zr,,90.905645
52,40,92,Zr,,91.9050401
53,40,93,Zr,,92.9064756
54,40,94,Zr,,93.9063158
55,40,95,Zr,,94.9080427
56,40,96,Zr,,95.908276
57,40,97,Zr,,96.910951
58,40,98,Zr,,97.912746
59,40,99,Zr,,98.916511
60,40,100,Zr,,99.91776
61,40,101,Zr,,100.92114
62,40,102,Zr,,101.92298
63,40,103,Zr,,102.9266
64,40,104,Zr,,103.92878
65,40,105,Zr,,104.93305
66,40,106,Zr,,105.93591
67,40,107,Zr,,106.94086
68,40,108,Zr,,107.94428
40,41,81,Nb,,80.94905
41,41,82,Nb,,81.94313
42,41,83,Nb,,82.9367
43,41,84,Nb,,83.93357
44,41,85,Nb,,84.92791
45,41,86,Nb,,85.92504
46,41,87,Nb,,86.92036
47,41,88,Nb,,87.91796
48,41,89,Nb,,88.9135
49,41,90,Nb,,89.911264
50,41,91,Nb,,90.906991
51,41,92,Nb,,91.9071932
52,41,93,Nb,,92.9063775
53,41,94,Nb,,93.9072835
54,41,95,Nb,,94.9068352
55,41,96,Nb,,95.9081
56,41,97,Nb,,96.9080971
57,41,98,Nb,,97.910331
58,41,99,Nb,,98.911618
59,41,100,Nb,,99.914181
60,41,101,Nb,,100.915252
61,41,102,Nb,,101.91804
62,41,103,Nb,,102.91914
63,41,104,Nb,,103.92246
64,41,105,Nb,,104.92393
65,41,106,Nb,,105.92819
66,41,107,Nb,,106.93031
67,41,108,Nb,,107.93501
68,41,109,Nb,,108.93763
69,41,110,Nb,,109.94268
41,42,83,Mo,,82.94874
42,42,84,Mo,,83.94009
43,42,85,Mo,,84.93659
44,42,86,Mo,,85.9307
45,42,87,Mo,,86.92733
46,42,88,Mo,,87.921953
47,42,89,Mo,,88.919481
48,42,90,Mo,,89.913936
49,42,91,Mo,,90.911751
50,42,92,Mo,,91.90681
51,42,93,Mo,,92.906812
52,42,94,Mo,,93.9050876
53,42,95,Mo,,94.9058415
54,42,96,Mo,,95.9046789
55,42,97,Mo,,96.906021
56,42,98,Mo,,97.9054078
57,42,99,Mo,,98.9077116
58,42,100,Mo,,99.907477
59,42,101,Mo,,100.910347
60,42,102,Mo,,101.910297
61,42,103,Mo,,102.9132
62,42,104,Mo,,103.91376
63,42,105,Mo,,104.91697
64,42,106,Mo,,105.918134
65,42,107,Mo,,106.92169
66,42,108,Mo,,107.92358
67,42,109,Mo,,108.92781
68,42,110,Mo,,109.92973
69,42,111,Mo,,110.93451
70,42,112,Mo,,111.93684
71,42,113,Mo,,112.94203
42,43,85,Tc,,84.94894
43,43,86,Tc,,85.94288
44,43,87,Tc,,86.93653
45,43,88,Tc,,87.93283
46,43,89,Tc,,88.92754
47,43,90,Tc,,89.92356
48,43,91,Tc,,90.91843
49,43,92,Tc,,91.91526
50,43,93,Tc,,92.910248
51,43,94,Tc,,93.909656
52,43,95,Tc,,94.907656
53,43,96,Tc,,95.907871
54,43,97,Tc,,96.906365
55,43,98,Tc,,97.907216
56,43,99,Tc,,98.9062546
57,43,100,Tc,,99.9076576
58,43,101,Tc,,100.907314
59,43,102,Tc,,101.909213
60,43,103,Tc,,102.909179
61,43,104,Tc,,103.91144
62,43,105,Tc,,104.91166
63,43,106,Tc,,105.914355
64,43,107,Tc,,106.91508
65,43,108,Tc,,107.91848
66,43,109,Tc,,108.91963
67,43,110,Tc,,109.92339
68,43,111,Tc,,110.92505
69,43,112,Tc,,111.92924
70,43,113,Tc,,112.93133
71,43,114,Tc,,113.93588
72,43,115,Tc,,114.93828
43,44,87,Ru,,86.94918
44,44,88,Ru,,87.94042
45,44,89,Ru,,88.93611
46,44,90,Ru,,89.92978
47,44,91,Ru,,90.92638
48,44,92,Ru,,91.92012
49,44,93,Ru,,92.91705
50,44,94,Ru,,93.91136
51,44,95,Ru,,94.910413
52,44,96,Ru,,95.907598
53,44,97,Ru,,96.907555
54,44,98,Ru,,97.905287
55,44,99,Ru,,98.9059393
56,44,100,Ru,,99.9042197
57,44,101,Ru,,100.9055822
58,44,102,Ru,,101.9043495
59,44,103,Ru,,102.9063237
60,44,104,Ru,,103.90543
61,44,105,Ru,,104.90775
62,44,106,Ru,,105.907327
63,44,107,Ru,,106.90991
64,44,108,Ru,,107.91019
65,44,109,Ru,,108.9132
66,44,110,Ru,,109.91397
67,44,111,Ru,,110.91756
68,44,112,Ru,,111.91855
69,44,113,Ru,,112.92254
70,44,114,Ru,,113.924
71,44,115,Ru,,114.92831
72,44,116,Ru,,115.93016
73,44,117,Ru,,116.93479
74,44,118,Ru,,117.93703
44,45,89,Rh,,88.94938
45,45,90,Rh,,89.94287
46,45,91,Rh,,90.93655
47,45,92,Rh,,91.93198
48,45,93,Rh,,92.92574
49,45,94,Rh,,93.9217
50,45,95,Rh,,94.9159
51,45,96,Rh,,95.914518
52,45,97,Rh,,96.91134
53,45,98,Rh,,97.910716
54,45,99,Rh,,98.908132
55,45,100,Rh,,99.908117
56,45,101,Rh,,100.906164
57,45,102,Rh,,101.906843
58,45,103,Rh,,102.905504
59,45,104,Rh,,103.906655
60,45,105,Rh,,104.905692
61,45,106,Rh,,105.907285
62,45,107,Rh,,106.906751
63,45,108,Rh,,107.90873
64,45,109,Rh,,108.908736
65,45,110,Rh,,109.91095
66,45,111,Rh,,110.91166
67,45,112,Rh,,111.91461
68,45,113,Rh,,112.91542
69,45,114,Rh,,113.91885
70,45,115,Rh,,114.92012
71,45,116,Rh,,115.92371
72,45,117,Rh,,116.92535
73,45,118,Rh,,117.92943
74,45,119,Rh,,118.93136
75,45,120,Rh,,119.93578
76,45,121,Rh,,120.93808
45,46,91,Pd,,90.94948
46,46,92,Pd,,91.94042
47,46,93,Pd,,92.93591
48,46,94,Pd,,93.92877
49,46,95,Pd,,94.92469
50,46,96,Pd,,95.91822
51,46,97,Pd,,96.91648
52,46,98,Pd,,97.912721
53,46,99,Pd,,98.911768
54,46,100,Pd,,99.908505
55,46,101,Pd,,100.908289
56,46,102,Pd,,101.905608
57,46,103,Pd,,102.906087
58,46,104,Pd,,103.904035
59,46,105,Pd,,104.905084
60,46,106,Pd,,105.903483
61,46,107,Pd,,106.905128
62,46,108,Pd,,107.903894
63,46,109,Pd,,108.905954
64,46,110,Pd,,109.905152
65,46,111,Pd,,110.90764
66,46,112,Pd,,111.907313
67,46,113,Pd,,112.91015
68,46,114,Pd,,113.910365
69,46,115,Pd,,114.91368
70,46,116,Pd,,115.91416
71,46,117,Pd,,116.91784
72,46,118,Pd,,117.91898
73,46,119,Pd,,118.92268
74,46,120,Pd,,119.92403
75,46,121,Pd,,120.92818
76,46,122,Pd,,121.9298
77,46,123,Pd,,122.93426
47,47,94,Ag,,93.94278
48,47,95,Ag,,94.93548
49,47,96,Ag,,95.93068
50,47,97,Ag,,96.924
51,47,98,Ag,,97.92176
52,47,99,Ag,,98.9176
53,47,100,Ag,,99.91607
54,47,101,Ag,,100.9128
55,47,102,Ag,,101.912
56,47,103,Ag,,102.908972
57,47,104,Ag,,103.908628
58,47,105,Ag,,104.906528
59,47,106,Ag,,105.906666
60,47,107,Ag,,106.905093
61,47,108,Ag,,107.905954
62,47,109,Ag,,108.904756
63,47,110,Ag,,109.90611
64,47,111,Ag,,110.905295
65,47,112,Ag,,111.907004
66,47,113,Ag,,112.906566
67,47,114,Ag,,113.908808
68,47,115,Ag,,114.90876
69,47,116,Ag,,115.91136
70,47,117,Ag,,116.91168
71,47,118,Ag,,117.91458
72,47,119,Ag,,118.91567
73,47,120,Ag,,119.91879
74,47,121,Ag,,120.91985
75,47,122,Ag,,121.92332
76,47,123,Ag,,122.9249
77,47,124,Ag,,123.92853
78,47,125,Ag,,124.93054
79,47,126,Ag,,125.9345
80,47,127,Ag,,126.93688
48,48,96,Cd,,95.93977
49,48,97,Cd,,96.93494
50,48,98,Cd,,97.92758
51,48,99,Cd,,98.92501
52,48,100,Cd,,99.92023
53,48,101,Cd,,100.91868
54,48,102,Cd,,101.91478
55,48,103,Cd,,102.913419
56,48,104,Cd,,103.909848
57,48,105,Cd,,104.909468
58,48,106,Cd,,105.906458
59,48,107,Cd,,106.906614
60,48,108,Cd,,107.904183
61,48,109,Cd,,108.904986
62,48,110,Cd,,109.903006
63,48,111,Cd,,110.904182
64,48,112,Cd,,111.9027572
65,48,113,Cd,,112.9044009
66,48,114,Cd,,113.9033581
67,48,115,Cd,,114.905431
68,48,116,Cd,,115.904755
69,48,117,Cd,,116.907218
70,48,118,Cd,,117.906914
71,48,119,Cd,,118.90992
72,48,120,Cd,,119.909851
73,48,121,Cd,,120.91298
74,48,122,Cd,,121.9135
75,48,123,Cd,,122.917
76,48,124,Cd,,123.91765
77,48,125,Cd,,124.92125
78,48,126,Cd,,125.92235
79,48,127,Cd,,126.92643
80,48,128,Cd,,127.92776
81,48,129,Cd,,128.93226
82,48,130,Cd,,129.93398
49,49,98,In,,97.94224
50,49,99,In,,98.93461
51,49,100,In,,99.93115
52,49,101,In,,100.92656
53,49,102,In,,101.92471
54,49,103,In,,102.919914
55,49,104,In,,103.91834
56,49,105,In,,104.914673
57,49,106,In,,105.913461
58,49,107,In,,106.910292
59,49,108,In,,107.90972
60,49,109,In,,108.907154
61,49,110,In,,109.907169
62,49,111,In,,110.905111
63,49,112,In,,111.905533
64,49,113,In,,112.904061
65,49,114,In,,113.904917
66,49,115,In,,114.903878
67,49,116,In,,115.90526
68,49,117,In,,116.904516
69,49,118,In,,117.906355
70,49,119,In,,118.905846
71,49,120,In,,119.90796
72,49,121,In,,120.907849
73,49,122,In,,121.91028
74,49,123,In,,122.910439
75,49,124,In,,123.91318
76,49,125,In,,124.9136
77,49,126,In,,125.91646
78,49,127,In,,126.91734
79,49,128,In,,127.92017
80,49,129,In,,128.92166
81,49,130,In,,129.92485
82,49,131,In,,130.92677
83,49,132,In,,131.93292
84,49,133,In,,132.93834
85,49,134,In,,133.94466
50,50,100,Sn,,99.93895
51,50,101,Sn,,100.93606
52,50,102,Sn,,101.93049
53,50,103,Sn,,102.92813
54,50,104,Sn,,103.92319
55,50,105,Sn,,104.92139
56,50,106,Sn,,105.91688
57,50,107,Sn,,106.91567
58,50,108,Sn,,107.91197
59,50,109,Sn,,108.911287
60,50,110,Sn,,109.907853
61,50,111,Sn,,110.907735
62,50,112,Sn,,111.904821
63,50,113,Sn,,112.905173
64,50,114,Sn,,113.902782
65,50,115,Sn,,114.903346
66,50,116,Sn,,115.901744
67,50,117,Sn,,116.902954
68,50,118,Sn,,117.901606
69,50,119,Sn,,118.903309
70,50,120,Sn,,119.9021966
71,50,121,Sn,,120.9042369
72,50,122,Sn,,121.9034401
73,50,123,Sn,,122.9057219
74,50,124,Sn,,123.9052746
75,50,125,Sn,,124.9077849
76,50,126,Sn,,125.907654
77,50,127,Sn,,126.910351
78,50,128,Sn,,127.910535
79,50,129,Sn,,128.91344
80,50,130,Sn,,129.91385
81,50,131,Sn,,130.91692
82,50,132,Sn,,131.917744
83,50,133,Sn,,132.92381
84,50,134,Sn,,133.92846
85,50,135,Sn,,134.93473
86,50,136,Sn,,135.93934
87,50,137,Sn,,136.94579
52,51,103,Sb,,102.94012
53,51,104,Sb,,103.93629
54,51,105,Sb,,104.93153
55,51,106,Sb,,105.92876
56,51,107,Sb,,106.92415
57,51,108,Sb,,107.92216
58,51,109,Sb,,108.918136
59,51,110,Sb,,109.91676
60,51,111,Sb,,110.91321
61,51,112,Sb,,111.912395
62,51,113,Sb,,112.909378
63,51,114,Sb,,113.9091
64,51,115,Sb,,114.906599
65,51,116,Sb,,115.906797
66,51,117,Sb,,116.90484
67,51,118,Sb,,117.905532
68,51,119,Sb,,118.903946
69,51,120,Sb,,119.905074
70,51,121,Sb,,120.903818
71,51,122,Sb,,121.9051754
72,51,123,Sb,,122.9042157
73,51,124,Sb,,123.9059375
74,51,125,Sb,,124.905248
75,51,126,Sb,,125.90725
76,51,127,Sb,,126.906915
77,51,128,Sb,,127.909167
78,51,129,Sb,,128.90915
79,51,130,Sb,,129.911546
80,51,131,Sb,,130.91195
81,51,132,Sb,,131.914413
82,51,133,Sb,,132.91524
83,51,134,Sb,,133.92055
84,51,135,Sb,,134.92517
85,51,136,Sb,,135.93066
86,51,137,Sb,,136.93531
87,51,138,Sb,,137.94096
88,51,139,Sb,,138.94571
54,52,106,Te,,105.9377
55,52,107,Te,,106.93504
56,52,108,Te,,107.92949
57,52,109,Te,,108.92746
58,52,110,Te,,109.92241
59,52,111,Te,,110.92112
60,52,112,Te,,111.91706
61,52,113,Te,,112.91593
62,52,114,Te,,113.91206
63,52,115,Te,,114.91158
64,52,116,Te,,115.90842
65,52,117,Te,,116.908634
66,52,118,Te,,117.905825
67,52,119,Te,,118.906408
68,52,120,Te,,119.90402
69,52,121,Te,,120.90493
70,52,122,Te,,121.9030471
71,52,123,Te,,122.904273
72,52,124,Te,,123.9028195
73,52,125,Te,,124.9044247
74,52,126,Te,,125.9033055
75,52,127,Te,,126.905217
76,52,128,Te,,127.9044614
77,52,129,Te,,128.906596
78,52,130,Te,,129.9062228
79,52,131,Te,,130.9085219
80,52,132,Te,,131.908524
81,52,133,Te,,132.91094
82,52,134,Te,,133.91154
83,52,135,Te,,134.91645
84,52,136,Te,,135.9201
85,52,137,Te,,136.92532
86,52,138,Te,,137.92922
87,52,139,Te,,138.93473
88,52,140,Te,,139.9387
89,52,141,Te,,140.94439
90,52,142,Te,,141.9485
55,53,108,I,,107.94329
56,53,109,I,,108.93819
57,53,110,I,,109.93521
58,53,111,I,,110.93028
59,53,112,I,,111.92797
60,53,113,I,,112.92364
61,53,114,I,,113.92185
62,53,115,I,,114.91792
63,53,116,I,,115.91674
64,53,117,I,,116.91365
65,53,118,I,,117.91338
66,53,119,I,,118.91018
67,53,120,I,,119.910048
68,53,121,I,,120.907366
69,53,122,I,,121.907592
70,53,123,I,,122.905598
71,53,124,I,,123.9062114
72,53,125,I,,124.9046241
73,53,126,I,,125.905619
74,53,127,I,,126.904468
75,53,128,I,,127.905805
76,53,129,I,,128.904987
77,53,130,I,,129.906674
78,53,131,I,,130.9061242
79,53,132,I,,131.907995
80,53,133,I,,132.907806
81,53,134,I,,133.909877
82,53,135,I,,134.91005
83,53,136,I,,135.91466
84,53,137,I,,136.917873
85,53,138,I,,137.92238
86,53,139,I,,138.92609
87,53,140,I,,139.93121
88,53,141,I,,140.93483
89,53,142,I,,141.94018
90,53,143,I,,142.94407
91,53,144,I,,143.94961
56,54,110,Xe,,109.94448
57,54,111,Xe,,110.94163
58,54,112,Xe,,111.93567
59,54,113,Xe,,112.93338
60,54,114,Xe,,113.92815
61,54,115,Xe,,114.92654
62,54,116,Xe,,115.92174
63,54,117,Xe,,116.92056
64,54,118,Xe,,117.91657
65,54,119,Xe,,118.91555
66,54,120,Xe,,119.91215
67,54,121,Xe,,120.911386
68,54,122,Xe,,121.90855
69,54,123,Xe,,122.908471
70,54,124,Xe,,123.9058958
71,54,125,Xe,,124.9063982
72,54,126,Xe,,125.904269
73,54,127,Xe,,126.90518
74,54,128,Xe,,127.9035304
75,54,129,Xe,,128.9047795
76,54,130,Xe,,129.9035079
77,54,131,Xe,,130.9050819
78,54,132,Xe,,131.9041545
79,54,133,Xe,,132.905906
80,54,134,Xe,,133.9053945
81,54,135,Xe,,134.907207
82,54,136,Xe,,135.90722
83,54,137,Xe,,136.911563
84,54,138,Xe,,137.91399
85,54,139,Xe,,138.918787
86,54,140,Xe,,139.92164
87,54,141,Xe,,140.92665
88,54,142,Xe,,141.9297
89,54,143,Xe,,142.93489
90,54,144,Xe,,143.93823
91,54,145,Xe,,144.94367
92,54,146,Xe,,145.9473
93,54,147,Xe,,146.95301
57,55,112,Cs,,111.95033
58,55,113,Cs,,112.94454
59,55,114,Cs,,113.94142
60,55,115,Cs,,114.93594
61,55,116,Cs,,115.93291
62,55,117,Cs,,116.92864
63,55,118,Cs,,117.926555
64,55,119,Cs,,118.922371
65,55,120,Cs,,119.920678
66,55,121,Cs,,120.917184
67,55,122,Cs,,121.916122
68,55,123,Cs,,122.91299
69,55,124,Cs,,123.912246
70,55,125,Cs,,124.909725
71,55,126,Cs,,125.909448
72,55,127,Cs,,126.907418
73,55,128,Cs,,127.907748
74,55,129,Cs,,128.906063
75,55,130,Cs,,129.906706
76,55,131,Cs,,130.90546
77,55,132,Cs,,131.90643
78,55,133,Cs,,132.905447
79,55,134,Cs,,133.906713
80,55,135,Cs,,134.905972
81,55,136,Cs,,135.907306
82,55,137,Cs,,136.907084
83,55,138,Cs,,137.911011
84,55,139,Cs,,138.913358
85,55,140,Cs,,139.917277
86,55,141,Cs,,140.920044
87,55,142,Cs,,141.924292
88,55,143,Cs,,142.92733
89,55,144,Cs,,143.93203
90,55,145,Cs,,144.93539
91,55,146,Cs,,145.94016
92,55,147,Cs,,146.94386
93,55,148,Cs,,147.9489
94,55,149,Cs,,148.95272
95,55,150,Cs,,149.95797
96,55,151,Cs,,150.962
58,56,114,Ba,,113.95094
59,56,115,Ba,,114.94771
60,56,116,Ba,,115.94168
61,56,117,Ba,,116.93886
62,56,118,Ba,,117.93344
63,56,119,Ba,,118.93105
64,56,120,Ba,,119.92605
65,56,121,Ba,,120.92449
66,56,122,Ba,,121.92026
67,56,123,Ba,,122.91885
68,56,124,Ba,,123.915088
69,56,125,Ba,,124.91462
70,56,126,Ba,,125.911244
71,56,127,Ba,,126.91112
72,56,128,Ba,,127.908309
73,56,129,Ba,,128.908674
74,56,130,Ba,,129.90631
75,56,131,Ba,,130.906931
76,56,132,Ba,,131.905056
77,56,133,Ba,,132.906002
78,56,134,Ba,,133.904503
79,56,135,Ba,,134.905683
80,56,136,Ba,,135.90457
81,56,137,Ba,,136.905821
82,56,138,Ba,,137.905241
83,56,139,Ba,,138.908835
84,56,140,Ba,,139.910599
85,56,141,Ba,,140.914406
86,56,142,Ba,,141.916448
87,56,143,Ba,,142.920617
88,56,144,Ba,,143.92294
89,56,145,Ba,,144.92692
90,56,146,Ba,,145.93011
91,56,147,Ba,,146.93399
92,56,148,Ba,,147.93768
93,56,149,Ba,,148.94246
94,56,150,Ba,,149.94562
95,56,151,Ba,,150.9507
96,56,152,Ba,,151.95416
97,56,153,Ba,,152.95961
60,57,117,La,,116.95001
61,57,118,La,,117.94657
62,57,119,La,,118.94099
63,57,120,La,,119.93807
64,57,121,La,,120.93301
65,57,122,La,,121.93071
66,57,123,La,,122.92624
67,57,124,La,,123.92453
68,57,125,La,,124.92067
69,57,126,La,,125.91937
70,57,127,La,,126.91616
71,57,128,La,,127.91545
72,57,129,La,,128.91267
73,57,130,La,,129.91232
74,57,131,La,,130.91011
75,57,132,La,,131.91011
76,57,133,La,,132.9084
77,57,134,La,,133.90849
78,57,135,La,,134.906971
79,57,136,La,,135.90765
80,57,137,La,,136.90647
81,57,138,La,,137.907107
82,57,139,La,,138.906348
83,57,140,La,,139.909473
84,57,141,La,,140.910957
85,57,142,La,,141.914074
86,57,143,La,,142.916059
87,57,144,La,,143.91959
88,57,145,La,,144.92164
89,57,146,La,,145.9257
90,57,147,La,,146.92782
91,57,148,La,,147.93219
92,57,149,La,,148.93437
93,57,150,La,,149.93857
94,57,151,La,,150.94156
95,57,152,La,,151.94611
96,57,153,La,,152.94945
97,57,154,La,,153.9544
98,57,155,La,,154.95813
61,58,119,Ce,,118.95276
62,58,120,Ce,,119.94664
63,58,121,Ce,,120.94367
64,58,122,Ce,,121.93801
65,58,123,Ce,,122.93551
66,58,124,Ce,,123.93052
67,58,125,Ce,,124.92854
68,58,126,Ce,,125.9241
69,58,127,Ce,,126.92275
70,58,128,Ce,,127.91887
71,58,129,Ce,,128.91809
72,58,130,Ce,,129.91469
73,58,131,Ce,,130.91442
74,58,132,Ce,,131.91149
75,58,133,Ce,,132.91155
76,58,134,Ce,,133.90903
77,58,135,Ce,,134.909146
78,58,136,Ce,,135.90714
79,58,137,Ce,,136.90778
80,58,138,Ce,,137.905986
81,58,139,Ce,,138.906647
82,58,140,Ce,,139.905434
83,58,141,Ce,,140.908271
84,58,142,Ce,,141.90924
85,58,143,Ce,,142.912381
86,58,144,Ce,,143.913643
87,58,145,Ce,,144.91723
88,58,146,Ce,,145.91869
89,58,147,Ce,,146.92251
90,58,148,Ce,,147.92439
91,58,149,Ce,,148.92829
92,58,150,Ce,,149.93023
93,58,151,Ce,,150.93404
94,58,152,Ce,,151.93638
95,58,153,Ce,,152.94058
96,58,154,Ce,,153.94332
97,58,155,Ce,,154.94804
98,58,156,Ce,,155.95126
99,58,157,Ce,,156.95634
62,59,121,Pr,,120.95536
63,59,122,Pr,,121.95165
64,59,123,Pr,,122.94596
65,59,124,Pr,,123.94296
66,59,125,Pr,,124.93783
67,59,126,Pr,,125.93531
68,59,127,Pr,,126.93083
69,59,128,Pr,,127.9288
70,59,129,Pr,,128.92486
71,59,130,Pr,,129.92338
72,59,131,Pr,,130.92006
73,59,132,Pr,,131.91912
74,59,133,Pr,,132.9162
75,59,134,Pr,,133.91567
76,59,135,Pr,,134.91314
77,59,136,Pr,,135.91265
78,59,137,Pr,,136.91068
79,59,138,Pr,,137.910749
80,59,139,Pr,,138.908932
81,59,140,Pr,,139.909071
82,59,141,Pr,,140.907648
83,59,142,Pr,,141.91004
84,59,143,Pr,,142.910812
85,59,144,Pr,,143.913301
86,59,145,Pr,,144.914507
87,59,146,Pr,,145.91759
88,59,147,Pr,,146.91898
89,59,148,Pr,,147.92218
90,59,149,Pr,,148.923791
91,59,150,Pr,,149.927
92,59,151,Pr,,150.92823
93,59,152,Pr,,151.9316
94,59,153,Pr,,152.93365
95,59,154,Pr,,153.93739
96,59,155,Pr,,154.93999
97,59,156,Pr,,155.94412
98,59,157,Pr,,156.94717
99,59,158,Pr,,157.95178
100,59,159,Pr,,158.95523
66,60,126,Nd,,125.94307
67,60,127,Nd,,126.9405
68,60,128,Nd,,127.93539
69,60,129,Nd,,128.93325
70,60,130,Nd,,129.92878
71,60,131,Nd,,130.9271
72,60,132,Nd,,131.92312
73,60,133,Nd,,132.92221
74,60,134,Nd,,133.91865
75,60,135,Nd,,134.91824
76,60,136,Nd,,135.91502
77,60,137,Nd,,136.91464
78,60,138,Nd,,137.91193
79,60,139,Nd,,138.91192
80,60,140,Nd,,139.90931
81,60,141,Nd,,140.909605
82,60,142,Nd,,141.907719
83,60,143,Nd,,142.90981
84,60,144,Nd,,143.910083
85,60,145,Nd,,144.912569
86,60,146,Nd,,145.913112
87,60,147,Nd,,146.916096
88,60,148,Nd,,147.916889
89,60,149,Nd,,148.920144
90,60,150,Nd,,149.920887
91,60,151,Nd,,150.923825
92,60,152,Nd,,151.92468
93,60,153,Nd,,152.927695
94,60,154,Nd,,153.92948
95,60,155,Nd,,154.93263
96,60,156,Nd,,155.9352
97,60,157,Nd,,156.93927
98,60,158,Nd,,157.94187
99,60,159,Nd,,158.94639
100,60,160,Nd,,159.94939
101,60,161,Nd,,160.95433
67,61,128,Pm,,127.94826
68,61,129,Pm,,128.94316
69,61,130,Pm,,129.94045
70,61,131,Pm,,130.9358
71,61,132,Pm,,131.93375
72,61,133,Pm,,132.92972
73,61,134,Pm,,133.92849
74,61,135,Pm,,134.92462
75,61,136,Pm,,135.92345
76,61,137,Pm,,136.92071
77,61,138,Pm,,137.91945
78,61,139,Pm,,138.91676
79,61,140,Pm,,139.9158
80,61,141,Pm,,140.913607
81,61,142,Pm,,141.91295
82,61,143,Pm,,142.910928
83,61,144,Pm,,143.912586
84,61,145,Pm,,144.912744
85,61,146,Pm,,145.914692
86,61,147,Pm,,146.915134
87,61,148,Pm,,147.917468
88,61,149,Pm,,148.918329
89,61,150,Pm,,149.920979
90,61,151,Pm,,150.921203
91,61,152,Pm,,151.92349
92,61,153,Pm,,152.924113
93,61,154,Pm,,153.92655
94,61,155,Pm,,154.9281
95,61,156,Pm,,155.93106
96,61,157,Pm,,156.9332
97,61,158,Pm,,157.93669
98,61,159,Pm,,158.93913
99,61,160,Pm,,159.94299
100,61,161,Pm,,160.94586
101,61,162,Pm,,161.95029
102,61,163,Pm,,162.95352
68,62,130,Sm,,129.94863
69,62,131,Sm,,130.94589
70,62,132,Sm,,131.94082
71,62,133,Sm,,132.93873
72,62,134,Sm,,133.93402
73,62,135,Sm,,134.93235
74,62,136,Sm,,135.9283
75,62,137,Sm,,136.92705
76,62,138,Sm,,137.92354
77,62,139,Sm,,138.922302
78,62,140,Sm,,139.918991
79,62,141,Sm,,140.918469
80,62,142,Sm,,141.915193
81,62,143,Sm,,142.914624
82,62,144,Sm,,143.911995
83,62,145,Sm,,144.913406
84,62,146,Sm,,145.913037
85,62,147,Sm,,146.914893
86,62,148,Sm,,147.914818
87,62,149,Sm,,148.91718
88,62,150,Sm,,149.917271
89,62,151,Sm,,150.919928
90,62,152,Sm,,151.919728
91,62,153,Sm,,152.922094
92,62,154,Sm,,153.922205
93,62,155,Sm,,154.924636
94,62,156,Sm,,155.925526
95,62,157,Sm,,156.92835
96,62,158,Sm,,157.92999
97,62,159,Sm,,158.9332
98,62,160,Sm,,159.93514
99,62,161,Sm,,160.93883
100,62,162,Sm,,161.94122
101,62,163,Sm,,162.94536
102,62,164,Sm,,163.94828
103,62,165,Sm,,164.95298
69,63,132,Eu,,131.95416
70,63,133,Eu,,132.9489
71,63,134,Eu,,133.94632
72,63,135,Eu,,134.94172
73,63,136,Eu,,135.9395
74,63,137,Eu,,136.93521
75,63,138,Eu,,137.93345
76,63,139,Eu,,138.92984
77,63,140,Eu,,139.92808
78,63,141,Eu,,140.92489
79,63,142,Eu,,141.9234
80,63,143,Eu,,142.920287
81,63,144,Eu,,143.918774
82,63,145,Eu,,144.916261
83,63,146,Eu,,145.9172
84,63,147,Eu,,146.916741
85,63,148,Eu,,147.918154
86,63,149,Eu,,148.917926
87,63,150,Eu,,149.919698
88,63,151,Eu,,150.919846
89,63,152,Eu,,151.92174
90,63,153,Eu,,152.921226
91,63,154,Eu,,153.922975
92,63,155,Eu,,154.922889
93,63,156,Eu,,155.924751
94,63,157,Eu,,156.925419
95,63,158,Eu,,157.92784
96,63,159,Eu,,158.929084
97,63,160,Eu,,159.93197
98,63,161,Eu,,160.93368
99,63,162,Eu,,161.93704
100,63,163,Eu,,162.93921
101,63,164,Eu,,163.94299
102,63,165,Eu,,164.94572
103,63,166,Eu,,165.94997
104,63,167,Eu,,166.95305
72,64,136,Gd,,135.94707
73,64,137,Gd,,136.94465
74,64,138,Gd,,137.93997
75,64,139,Gd,,138.93808
76,64,140,Gd,,139.93395
77,64,141,Gd,,140.93221
78,64,142,Gd,,141.92823
79,64,143,Gd,,142.92674
80,64,144,Gd,,143.92279
81,64,145,Gd,,144.92169
82,64,146,Gd,,145.918305
83,64,147,Gd,,146.919089
84,64,148,Gd,,147.91811
85,64,149,Gd,,148.919336
86,64,150,Gd,,149.918655
87,64,151,Gd,,150.920344
88,64,152,Gd,,151.919788
89,64,153,Gd,,152.921746
90,64,154,Gd,,153.920862
91,64,155,Gd,,154.922619
92,64,156,Gd,,155.92212
93,64,157,Gd,,156.923957
94,64,158,Gd,,157.924101
95,64,159,Gd,,158.926385
96,64,160,Gd,,159.927051
97,64,161,Gd,,160.929666
98,64,162,Gd,,161.930981
99,64,163,Gd,,162.93399
100,64,164,Gd,,163.93586
101,64,165,Gd,,164.93938
102,64,166,Gd,,165.9416
103,64,167,Gd,,166.94557
104,64,168,Gd,,167.94836
105,64,169,Gd,,168.95287
73,65,138,Tb,,137.95287
74,65,139,Tb,,138.94803
75,65,140,Tb,,139.94554
76,65,141,Tb,,140.94116
77,65,142,Tb,,141.93886
78,65,143,Tb,,142.93475
79,65,144,Tb,,143.93253
80,65,145,Tb,,144.92888
81,65,146,Tb,,145.92718
82,65,147,Tb,,146.924037
83,65,148,Tb,,147.9243
84,65,149,Tb,,148.923242
85,65,150,Tb,,149.923654
86,65,151,Tb,,150.923098
87,65,152,Tb,,151.92407
88,65,153,Tb,,152.923431
89,65,154,Tb,,153.92469
90,65,155,Tb,,154.9235
91,65,156,Tb,,155.924744
92,65,157,Tb,,156.924021
93,65,158,Tb,,157.92541
94,65,159,Tb,,158.925343
95,65,160,Tb,,159.927164
96,65,161,Tb,,160.927566
97,65,162,Tb,,161.92948
98,65,163,Tb,,162.930644
99,65,164,Tb,,163.93335
100,65,165,Tb,,164.93488
101,65,166,Tb,,165.93805
102,65,167,Tb,,166.94005
103,65,168,Tb,,167.94364
104,65,169,Tb,,168.94622
105,65,170,Tb,,169.95025
106,65,171,Tb,,170.9533
74,66,140,Dy,,139.95379
75,66,141,Dy,,140.95119
76,66,142,Dy,,141.94627
77,66,143,Dy,,142.94383
78,66,144,Dy,,143.93907
79,66,145,Dy,,144.93695
80,66,146,Dy,,145.93272
81,66,147,Dy,,146.93088
82,66,148,Dy,,147.92718
83,66,149,Dy,,148.927334
84,66,150,Dy,,149.92558
85,66,151,Dy,,150.92618
86,66,152,Dy,,151.924714
87,66,153,Dy,,152.925761
88,66,154,Dy,,153.924422
89,66,155,Dy,,154.925749
90,66,156,Dy,,155.924278
91,66,157,Dy,,156.925461
92,66,158,Dy,,157.924405
93,66,159,Dy,,158.925736
94,66,160,Dy,,159.925194
95,66,161,Dy,,160.92693
96,66,162,Dy,,161.926795
97,66,163,Dy,,162.928728
98,66,164,Dy,,163.929171
99,66,165,Dy,,164.9317
100,66,166,Dy,,165.932803
101,66,167,Dy,,166.93565
102,66,168,Dy,,167.93723
103,66,169,Dy,,168.9403
104,66,170,Dy,,169.94267
105,66,171,Dy,,170.94648
106,66,172,Dy,,171.94911
107,66,173,Dy,,172.95344
75,67,142,Ho,,141.95986
76,67,143,Ho,,142.95469
77,67,144,Ho,,143.95164
78,67,145,Ho,,144.94688
79,67,146,Ho,,145.9441
80,67,147,Ho,,146.93984
81,67,148,Ho,,147.93727
82,67,149,Ho,,148.93379
83,67,150,Ho,,149.93335
84,67,151,Ho,,150.931681
85,67,152,Ho,,151.93174
86,67,153,Ho,,152.930195
87,67,154,Ho,,153.930596
88,67,155,Ho,,154.929079
89,67,156,Ho,,155.92971
90,67,157,Ho,,156.92819
91,67,158,Ho,,157.92895
92,67,159,Ho,,158.927709
93,67,160,Ho,,159.928726
94,67,161,Ho,,160.927852
95,67,162,Ho,,161.929092
96,67,163,Ho,,162.92873
97,67,164,Ho,,163.930231
98,67,165,Ho,,164.930319
99,67,166,Ho,,165.932281
100,67,167,Ho,,166.933126
101,67,168,Ho,,167.9355
102,67,169,Ho,,168.936868
103,67,170,Ho,,169.93961
104,67,171,Ho,,170.94146
105,67,172,Ho,,171.94482
106,67,173,Ho,,172.94729
107,67,174,Ho,,173.95115
108,67,175,Ho,,174.95405
76,68,144,Er,,143.96059
77,68,145,Er,,144.95746
78,68,146,Er,,145.95212
79,68,147,Er,,146.94931
80,68,148,Er,,147.94444
81,68,149,Er,,148.94217
82,68,150,Er,,149.93776
83,68,151,Er,,150.93746
84,68,152,Er,,151.93508
85,68,153,Er,,152.935093
86,68,154,Er,,153.932777
87,68,155,Er,,154.9332
88,68,156,Er,,155.93102
89,68,157,Er,,156.93195
90,68,158,Er,,157.92991
91,68,159,Er,,158.930681
92,68,160,Er,,159.92908
93,68,161,Er,,160.930001
94,68,162,Er,,161.928775
95,68,163,Er,,162.930029
96,68,164,Er,,163.929197
97,68,165,Er,,164.930723
98,68,166,Er,,165.93029
99,68,167,Er,,166.932045
100,68,168,Er,,167.932368
101,68,169,Er,,168.934588
102,68,170,Er,,169.93546
103,68,171,Er,,170.938026
104,68,172,Er,,171.939352
105,68,173,Er,,172.9424
106,68,174,Er,,173.94434
107,68,175,Er,,174.94793
108,68,176,Er,,175.95029
109,68,177,Er,,176.95437
77,69,146,Tm,,145.9665
78,69,147,Tm,,146.96108
79,69,148,Tm,,147.95755
80,69,149,Tm,,148.95265
81,69,150,Tm,,149.94967
82,69,151,Tm,,150.94543
83,69,152,Tm,,151.9443
84,69,153,Tm,,152.942028
85,69,154,Tm,,153.94142
86,69,155,Tm,,154.939192
87,69,156,Tm,,155.93901
88,69,157,Tm,,156.93676
89,69,158,Tm,,157.937
90,69,159,Tm,,158.93481
91,69,160,Tm,,159.93509
92,69,161,Tm,,160.9334
93,69,162,Tm,,161.93397
94,69,163,Tm,,162.932648
95,69,164,Tm,,163.933451
96,69,165,Tm,,164.932432
97,69,166,Tm,,165.933553
98,69,167,Tm,,166.932849
99,69,168,Tm,,167.93417
100,69,169,Tm,,168.934211
101,69,170,Tm,,169.935798
102,69,171,Tm,,170.936426
103,69,172,Tm,,171.938396
104,69,173,Tm,,172.9396
105,69,174,Tm,,173.94216
106,69,175,Tm,,174.94383
107,69,176,Tm,,175.94699
108,69,177,Tm,,176.94904
109,69,178,Tm,,177.95264
110,69,179,Tm,,178.95534
78,70,148,Yb,,147.96676
79,70,149,Yb,,148.96348
80,70,150,Yb,,149.95799
81,70,151,Yb,,150.95525
82,70,152,Yb,,151.95017
83,70,153,Yb,,152.94921
84,70,154,Yb,,153.94624
85,70,155,Yb,,154.94579
86,70,156,Yb,,155.94285
87,70,157,Yb,,156.94266
88,70,158,Yb,,157.939858
89,70,159,Yb,,158.94015
90,70,160,Yb,,159.93756
91,70,161,Yb,,160.93785
92,70,162,Yb,,161.93575
93,70,163,Yb,,162.93627
94,70,164,Yb,,163.93452
95,70,165,Yb,,164.935398
96,70,166,Yb,,165.93388
97,70,167,Yb,,166.934947
98,70,168,Yb,,167.933894
99,70,169,Yb,,168.935187
100,70,170,Yb,,169.934759
101,70,171,Yb,,170.936322
102,70,172,Yb,,171.9363777
103,70,173,Yb,,172.9382068
104,70,174,Yb,,173.9388581
105,70,175,Yb,,174.9412725
106,70,176,Yb,,175.942568
107,70,177,Yb,,176.945257
108,70,178,Yb,,177.946643
109,70,179,Yb,,178.95017
110,70,180,Yb,,179.95233
111,70,181,Yb,,180.95615
79,71,150,Lu,,149.97267
80,71,151,Lu,,150.96715
81,71,152,Lu,,151.96361
82,71,153,Lu,,152.95869
83,71,154,Lu,,153.9571
84,71,155,Lu,,154.95423
85,71,156,Lu,,155.95291
86,71,157,Lu,,156.950102
87,71,158,Lu,,157.94917
88,71,159,Lu,,158.94662
89,71,160,Lu,,159.94602
90,71,161,Lu,,160.94354
91,71,162,Lu,,161.94322
92,71,163,Lu,,162.9412
93,71,164,Lu,,163.94122
94,71,165,Lu,,164.93961
95,71,166,Lu,,165.93976
96,71,167,Lu,,166.93831
97,71,168,Lu,,167.9387
98,71,169,Lu,,168.937649
99,71,170,Lu,,169.938472
100,71,171,Lu,,170.93791
101,71,172,Lu,,171.939082
102,71,173,Lu,,172.938927
103,71,174,Lu,,173.9403335
104,71,175,Lu,,174.9407679
105,71,176,Lu,,175.9426824
106,71,177,Lu,,176.943755
107,71,178,Lu,,177.945951
108,71,179,Lu,,178.947324
109,71,180,Lu,,179.94988
110,71,181,Lu,,180.95197
111,71,182,Lu,,181.95521
112,71,183,Lu,,182.95757
113,71,184,Lu,,183.96117
82,72,154,Hf,,153.96425
83,72,155,Hf,,154.96276
84,72,156,Hf,,155.95925
85,72,157,Hf,,156.95813
86,72,158,Hf,,157.95465
87,72,159,Hf,,158.954
88,72,160,Hf,,159.95071
89,72,161,Hf,,160.95033
90,72,162,Hf,,161.947203
91,72,163,Hf,,162.94706
92,72,164,Hf,,163.94442
93,72,165,Hf,,164.94454
94,72,166,Hf,,165.94225
95,72,167,Hf,,166.9426
96,72,168,Hf,,167.94063
97,72,169,Hf,,168.94116
98,72,170,Hf,,169.93965
99,72,171,Hf,,170.94049
100,72,172,Hf,,171.93946
101,72,173,Hf,,172.94065
102,72,174,Hf,,173.94004
103,72,175,Hf,,174.941503
104,72,176,Hf,,175.9414018
105,72,177,Hf,,176.94322
106,72,178,Hf,,177.9436977
107,72,179,Hf,,178.9458151
108,72,180,Hf,,179.9465488
109,72,181,Hf,,180.9490991
110,72,182,Hf,,181.950553
111,72,183,Hf,,182.95353
112,72,184,Hf,,183.95545
113,72,185,Hf,,184.95878
114,72,186,Hf,,185.96092
83,73,156,Ta,,155.97169
84,73,157,Ta,,156.96815
85,73,158,Ta,,157.96637
86,73,159,Ta,,158.96291
87,73,160,Ta,,159.96136
88,73,161,Ta,,160.95837
89,73,162,Ta,,161.95715
90,73,163,Ta,,162.95432
91,73,164,Ta,,163.95357
92,73,165,Ta,,164.95082
93,73,166,Ta,,165.95047
94,73,167,Ta,,166.94797
95,73,168,Ta,,167.94779
96,73,169,Ta,,168.94592
97,73,170,Ta,,169.94609
98,73,171,Ta,,170.94446
99,73,172,Ta,,171.94474
100,73,173,Ta,,172.94354
101,73,174,Ta,,173.94417
102,73,175,Ta,,174.94365
103,73,176,Ta,,175.94474
104,73,177,Ta,,176.944472
105,73,178,Ta,,177.94575
106,73,179,Ta,,178.945934
107,73,180,Ta,,179.947466
108,73,181,Ta,,180.947996
109,73,182,Ta,,181.950152
110,73,183,Ta,,182.951373
111,73,184,Ta,,183.954009
112,73,185,Ta,,184.955559
113,73,186,Ta,,185.95855
114,73,187,Ta,,186.96041
115,73,188,Ta,,187.96371
84,74,158,W,,157.97394
85,74,159,W,,158.97228
86,74,160,W,,159.96837
87,74,161,W,,160.96709
88,74,162,W,,161.96334
89,74,163,W,,162.96253
90,74,164,W,,163.95898
91,74,165,W,,164.95834
92,74,166,W,,165.95502
93,74,167,W,,166.95467
94,74,168,W,,167.95186
95,74,169,W,,168.95176
96,74,170,W,,169.94929
97,74,171,W,,170.94946
98,74,172,W,,171.94742
99,74,173,W,,172.94783
100,74,174,W,,173.94616
101,74,175,W,,174.94677
102,74,176,W,,175.94559
103,74,177,W,,176.94662
104,74,178,W,,177.94585
105,74,179,W,,178.947072
106,74,180,W,,179.946706
107,74,181,W,,180.948198
108,74,182,W,,181.948206
109,74,183,W,,182.9502245
110,74,184,W,,183.9509326
111,74,185,W,,184.9534206
112,74,186,W,,185.954362
113,74,187,W,,186.957158
114,74,188,W,,187.958487
115,74,189,W,,188.96191
116,74,190,W,,189.96318
85,75,160,Re,,159.98149
86,75,161,Re,,160.97766
87,75,162,Re,,161.97571
88,75,163,Re,,162.97197
89,75,164,Re,,163.97032
90,75,165,Re,,164.96705
91,75,166,Re,,165.9658
92,75,167,Re,,166.96256
93,75,168,Re,,167.96161
94,75,169,Re,,168.95883
95,75,170,Re,,169.95816
96,75,171,Re,,170.95555
97,75,172,Re,,171.95529
98,75,173,Re,,172.95306
99,75,174,Re,,173.95311
100,75,175,Re,,174.95139
101,75,176,Re,,175.95157
102,75,177,Re,,176.95027
103,75,178,Re,,177.95085
104,75,179,Re,,178.94998
105,75,180,Re,,179.95079
106,75,181,Re,,180.950065
107,75,182,Re,,181.95121
108,75,183,Re,,182.950821
109,75,184,Re,,183.952524
110,75,185,Re,,184.9529557
111,75,186,Re,,185.954987
112,75,187,Re,,186.9557508
113,75,188,Re,,187.9581123
114,75,189,Re,,188.959228
115,75,190,Re,,189.96182
116,75,191,Re,,190.963124
117,75,192,Re,,191.96596
86,76,162,Os,,161.98382
87,76,163,Os,,162.98205
88,76,164,Os,,163.97793
89,76,165,Os,,164.97648
90,76,166,Os,,165.97253
91,76,167,Os,,166.97155
92,76,168,Os,,167.96783
93,76,169,Os,,168.96708
94,76,170,Os,,169.96357
95,76,171,Os,,170.96304
96,76,172,Os,,171.96008
97,76,173,Os,,172.95979
98,76,174,Os,,173.95712
99,76,175,Os,,174.95708
100,76,176,Os,,175.95495
101,76,177,Os,,176.95505
102,76,178,Os,,177.95335
103,76,179,Os,,178.95395
104,76,180,Os,,179.95235
105,76,181,Os,,180.95327
106,76,182,Os,,181.952186
107,76,183,Os,,182.95311
108,76,184,Os,,183.952491
109,76,185,Os,,184.954043
110,76,186,Os,,185.953838
111,76,187,Os,,186.9557479
112,76,188,Os,,187.955836
113,76,189,Os,,188.9581449
114,76,190,Os,,189.958445
115,76,191,Os,,190.960928
116,76,192,Os,,191.961479
117,76,193,Os,,192.964148
118,76,194,Os,,193.965179
119,76,195,Os,,194.96812
120,76,196,Os,,195.96962
88,77,165,Ir,,164.98758
89,77,166,Ir,,165.98551
90,77,167,Ir,,166.98154
91,77,168,Ir,,167.97997
92,77,169,Ir,,168.97639
93,77,170,Ir,,169.97503
94,77,171,Ir,,170.97178
95,77,172,Ir,,171.97064
96,77,173,Ir,,172.96771
97,77,174,Ir,,173.9668
98,77,175,Ir,,174.96428
99,77,176,Ir,,175.96351
100,77,177,Ir,,176.96117
101,77,178,Ir,,177.96108
102,77,179,Ir,,178.95915
103,77,180,Ir,,179.95925
104,77,181,Ir,,180.95764
105,77,182,Ir,,181.95813
106,77,183,Ir,,182.95681
107,77,184,Ir,,183.95739
108,77,185,Ir,,184.95659
109,77,186,Ir,,185.957951
110,77,187,Ir,,186.957361
111,77,188,Ir,,187.958852
112,77,189,Ir,,188.958716
113,77,190,Ir,,189.96059
114,77,191,Ir,,190.960591
115,77,192,Ir,,191.962602
116,77,193,Ir,,192.962924
117,77,194,Ir,,193.965076
118,77,195,Ir,,194.965977
119,77,196,Ir,,195.96838
120,77,197,Ir,,196.969636
121,77,198,Ir,,197.97228
122,77,199,Ir,,198.97379
90,78,168,Pt,,167.98804
91,78,169,Pt,,168.98642
92,78,170,Pt,,169.98233
93,78,171,Pt,,170.98125
94,78,172,Pt,,171.97738
95,78,173,Pt,,172.9765
96,78,174,Pt,,173.972811
97,78,175,Pt,,174.97228
98,78,176,Pt,,175.969
99,78,177,Pt,,176.96845
100,78,178,Pt,,177.96571
101,78,179,Pt,,178.96548
102,78,180,Pt,,179.96322
103,78,181,Pt,,180.96318
104,78,182,Pt,,181.96127
105,78,183,Pt,,182.96173
106,78,184,Pt,,183.9599
107,78,185,Pt,,184.96075
108,78,186,Pt,,185.95943
109,78,187,Pt,,186.96056
110,78,188,Pt,,187.959396
111,78,189,Pt,,188.960832
112,78,190,Pt,,189.95993
113,78,191,Pt,,190.961685
114,78,192,Pt,,191.961035
115,78,193,Pt,,192.962985
116,78,194,Pt,,193.962664
117,78,195,Pt,,194.964774
118,78,196,Pt,,195.964935
119,78,197,Pt,,196.967323
120,78,198,Pt,,197.967876
121,78,199,Pt,,198.970576
122,78,200,Pt,,199.971424
123,78,201,Pt,,200.9745
124,78,202,Pt,,201.97574
92,79,171,Au,,170.99177
93,79,172,Au,,171.99011
94,79,173,Au,,172.9864
95,79,174,Au,,173.98492
96,79,175,Au,,174.98155
97,79,176,Au,,175.98027
98,79,177,Au,,176.97722
99,79,178,Au,,177.97598
100,79,179,Au,,178.97341
101,79,180,Au,,179.9724
102,79,181,Au,,180.96995
103,79,182,Au,,181.96962
104,79,183,Au,,182.96762
105,79,184,Au,,183.96747
106,79,185,Au,,184.96581
107,79,186,Au,,185.966
108,79,187,Au,,186.96456
109,79,188,Au,,187.96509
110,79,189,Au,,188.96389
111,79,190,Au,,189.964699
112,79,191,Au,,190.96365
113,79,192,Au,,191.96481
114,79,193,Au,,192.964132
115,79,194,Au,,193.965339
116,79,195,Au,,194.965018
117,79,196,Au,,195.966551
118,79,197,Au,,196.966552
119,79,198,Au,,197.968225
120,79,199,Au,,198.968748
121,79,200,Au,,199.97072
122,79,201,Au,,200.971641
123,79,202,Au,,201.97379
124,79,203,Au,,202.975137
125,79,204,Au,,203.97771
126,79,205,Au,,204.97961
95,80,175,Hg,,174.99141
96,80,176,Hg,,175.98741
97,80,177,Hg,,176.98634
98,80,178,Hg,,177.982476
99,80,179,Hg,,178.98178
100,80,180,Hg,,179.97832
101,80,181,Hg,,180.97781
102,80,182,Hg,,181.97475
103,80,183,Hg,,182.97456
104,80,184,Hg,,183.9719
105,80,185,Hg,,184.97198
106,80,186,Hg,,185.96946
107,80,187,Hg,,186.96979
108,80,188,Hg,,187.96756
109,80,189,Hg,,188.96813
110,80,190,Hg,,189.96628
111,80,191,Hg,,190.96706
112,80,192,Hg,,191.96557
113,80,193,Hg,,192.966644
114,80,194,Hg,,193.965382
115,80,195,Hg,,194.96664
116,80,196,Hg,,195.965815
117,80,197,Hg,,196.967195
118,80,198,Hg,,197.966752
119,80,199,Hg,,198.968262
120,80,200,Hg,,199.968309
121,80,201,Hg,,200.970285
122,80,202,Hg,,201.970626
123,80,203,Hg,,202.972857
124,80,204,Hg,,203.973476
125,80,205,Hg,,204.976056
126,80,206,Hg,,205.977499
127,80,207,Hg,,206.98258
128,80,208,Hg,,207.98594
96,81,177,Tl,,176.99688
97,81,178,Tl,,177.99523
98,81,179,Tl,,178.99147
99,81,180,Tl,,179.99019
100,81,181,Tl,,180.9869
101,81,182,Tl,,181.98561
102,81,183,Tl,,182.9827
103,81,184,Tl,,183.98176
104,81,185,Tl,,184.9791
105,81,186,Tl,,185.97855
106,81,187,Tl,,186.97617
107,81,188,Tl,,187.97592
108,81,189,Tl,,188.97369
109,81,190,Tl,,189.97379
110,81,191,Tl,,190.97189
111,81,192,Tl,,191.97214
112,81,193,Tl,,192.97055
113,81,194,Tl,,193.97105
114,81,195,Tl,,194.96965
115,81,196,Tl,,195.97052
116,81,197,Tl,,196.96954
117,81,198,Tl,,197.97047
118,81,199,Tl,,198.96981
119,81,200,Tl,,199.970945
120,81,201,Tl,,200.970804
121,81,202,Tl,,201.972091
122,81,203,Tl,,202.972329
123,81,204,Tl,,203.973849
124,81,205,Tl,,204.974412
125,81,206,Tl,,205.976095
126,81,207,Tl,,206.977408
127,81,208,Tl,,207.982005
128,81,209,Tl,,208.985349
129,81,210,Tl,,209.990066
99,82,181,Pb,,180.99671
100,82,182,Pb,,181.992676
101,82,183,Pb,,182.99193
102,82,184,Pb,,183.9882
103,82,185,Pb,,184.98758
104,82,186,Pb,,185.9843
105,82,187,Pb,,186.98403
106,82,188,Pb,,187.98106
107,82,189,Pb,,188.98088
108,82,190,Pb,,189.97818
109,82,191,Pb,,190.9782
110,82,192,Pb,,191.97576
111,82,193,Pb,,192.97608
112,82,194,Pb,,193.97397
113,82,195,Pb,,194.97447
114,82,196,Pb,,195.97271
115,82,197,Pb,,196.97338
116,82,198,Pb,,197.97198
117,82,199,Pb,,198.97291
118,82,200,Pb,,199.971816
119,82,201,Pb,,200.97285
120,82,202,Pb,,201.972144
121,82,203,Pb,,202.973375
122,82,204,Pb,,203.973029
123,82,205,Pb,,204.974467
124,82,206,Pb,,205.974449
125,82,207,Pb,,206.975881
126,82,208,Pb,,207.976636
127,82,209,Pb,,208.981075
128,82,210,Pb,,209.984173
129,82,211,Pb,,210.988731
130,82,212,Pb,,211.9918875
131,82,213,Pb,,212.9965
132,82,214,Pb,,213.9997981
102,83,185,Bi,,184.99771
103,83,186,Bi,,185.99648
104,83,187,Bi,,186.99346
105,83,188,Bi,,187.99217
106,83,189,Bi,,188.98951
107,83,190,Bi,,189.98852
108,83,191,Bi,,190.98605
109,83,192,Bi,,191.98537
110,83,193,Bi,,192.98306
111,83,194,Bi,,193.98275
112,83,195,Bi,,194.98075
113,83,196,Bi,,195.98061
114,83,197,Bi,,196.97893
115,83,198,Bi,,197.97902
116,83,199,Bi,,198.97758
117,83,200,Bi,,199.97814
118,83,201,Bi,,200.97697
119,83,202,Bi,,201.97767
120,83,203,Bi,,202.976868
121,83,204,Bi,,203.977805
122,83,205,Bi,,204.977375
123,83,206,Bi,,205.978483
124,83,207,Bi,,206.978455
125,83,208,Bi,,207.979727
126,83,209,Bi,,208.980383
127,83,210,Bi,,209.984105
128,83,211,Bi,,210.987258
129,83,212,Bi,,211.991272
130,83,213,Bi,,212.994375
131,83,214,Bi,,213.998699
132,83,215,Bi,,215.00183
133,83,216,Bi,,216.0062
106,84,190,Po,,189.99511
107,84,191,Po,,190.99465
108,84,192,Po,,191.99152
109,84,193,Po,,192.9911
110,84,194,Po,,193.98828
111,84,195,Po,,194.98805
112,84,196,Po,,195.98551
113,84,197,Po,,196.98557
114,84,198,Po,,197.98334
115,84,199,Po,,198.9836
116,84,200,Po,,199.98174
117,84,201,Po,,200.98221
118,84,202,Po,,201.9807
119,84,203,Po,,202.98141
120,84,204,Po,,203.980307
121,84,205,Po,,204.98117
122,84,206,Po,,205.980465
123,84,207,Po,,206.981578
124,84,208,Po,,207.981231
125,84,209,Po,,208.982416
126,84,210,Po,,209.982857
127,84,211,Po,,210.986637
128,84,212,Po,,211.988852
129,84,213,Po,,212.992843
130,84,214,Po,,213.995186
131,84,215,Po,,214.999415
132,84,216,Po,,216.0019052
133,84,217,Po,,217.00625
134,84,218,Po,,218.0089658
108,85,193,At,,193.00019
109,85,194,At,,193.99897
110,85,195,At,,194.99655
111,85,196,At,,195.9957
112,85,197,At,,196.99329
113,85,198,At,,197.99275
114,85,199,At,,198.99063
115,85,200,At,,199.99029
116,85,201,At,,200.98849
117,85,202,At,,201.98845
118,85,203,At,,202.98685
119,85,204,At,,203.98726
120,85,205,At,,204.98604
121,85,206,At,,205.9866
122,85,207,At,,206.985776
123,85,208,At,,207.986583
124,85,209,At,,208.986159
125,85,210,At,,209.987131
126,85,211,At,,210.987481
127,85,212,At,,211.990735
128,85,213,At,,212.992921
129,85,214,At,,213.996356
130,85,215,At,,214.998641
131,85,216,At,,216.002409
132,85,217,At,,217.00471
133,85,218,At,,218.008681
134,85,219,At,,219.0113
135,85,220,At,,220.0153
136,85,221,At,,221.01814
137,85,222,At,,222.02233
138,85,223,At,,223.02534
110,86,196,Rn,,196.00231
111,86,197,Rn,,197.00166
112,86,198,Rn,,197.99878
113,86,199,Rn,,198.99831
114,86,200,Rn,,199.99568
115,86,201,Rn,,200.99554
116,86,202,Rn,,201.99322
117,86,203,Rn,,202.99332
118,86,204,Rn,,203.99137
119,86,205,Rn,,204.99167
120,86,206,Rn,,205.99016
121,86,207,Rn,,206.99073
122,86,208,Rn,,207.989631
123,86,209,Rn,,208.99038
124,86,210,Rn,,209.98968
125,86,211,Rn,,210.990585
126,86,212,Rn,,211.990689
127,86,213,Rn,,212.993868
128,86,214,Rn,,213.995346
129,86,215,Rn,,214.998729
130,86,216,Rn,,216.000258
131,86,217,Rn,,217.003915
132,86,218,Rn,,218.005586
133,86,219,Rn,,219.009475
134,86,220,Rn,,220.0113841
135,86,221,Rn,,221.01546
136,86,222,Rn,,222.0175705
137,86,223,Rn,,223.02179
138,86,224,Rn,,224.02409
139,86,225,Rn,,225.02844
140,86,226,Rn,,226.03089
141,86,227,Rn,,227.03541
142,86,228,Rn,,228.03808
113,87,200,Fr,,200.0065
114,87,201,Fr,,201.00399
115,87,202,Fr,,202.00329
116,87,203,Fr,,203.00105
117,87,204,Fr,,204.00059
118,87,205,Fr,,204.99866
119,87,206,Fr,,205.99849
120,87,207,Fr,,206.99686
121,87,208,Fr,,207.99713
122,87,209,Fr,,208.99592
123,87,210,Fr,,209.996398
124,87,211,Fr,,210.995529
125,87,212,Fr,,211.996195
126,87,213,Fr,,212.996175
127,87,214,Fr,,213.998955
128,87,215,Fr,,215.000326
129,87,216,Fr,,216.003188
130,87,217,Fr,,217.004616
131,87,218,Fr,,218.007563
132,87,219,Fr,,219.009241
133,87,220,Fr,,220.012313
134,87,221,Fr,,221.014246
135,87,222,Fr,,222.017544
136,87,223,Fr,,223.0197307
137,87,224,Fr,,224.02324
138,87,225,Fr,,225.025607
139,87,226,Fr,,226.02934
140,87,227,Fr,,227.03183
141,87,228,Fr,,228.03572
142,87,229,Fr,,229.03843
143,87,230,Fr,,230.04251
144,87,231,Fr,,231.04541
145,87,232,Fr,,232.04965
115,88,203,Ra,,203.00921
116,88,204,Ra,,204.00648
117,88,205,Ra,,205.00619
118,88,206,Ra,,206.00378
119,88,207,Ra,,207.00373
120,88,208,Ra,,208.00178
121,88,209,Ra,,209.00194
122,88,210,Ra,,210.00045
123,88,211,Ra,,211.00089
124,88,212,Ra,,211.999783
125,88,213,Ra,,213.00035
126,88,214,Ra,,214.000091
127,88,215,Ra,,215.002704
128,88,216,Ra,,216.003518
129,88,217,Ra,,217.006306
130,88,218,Ra,,218.007124
131,88,219,Ra,,219.010069
132,88,220,Ra,,220.011015
133,88,221,Ra,,221.013908
134,88,222,Ra,,222.015362
135,88,223,Ra,,223.018497
136,88,224,Ra,,224.020202
137,88,225,Ra,,225.023604
138,88,226,Ra,,226.0254026
139,88,227,Ra,,227.0291707
140,88,228,Ra,,228.0310641
141,88,229,Ra,,229.03482
142,88,230,Ra,,230.03708
143,88,231,Ra,,231.04122
144,88,232,Ra,,232.04369
145,88,233,Ra,,233.048
146,88,234,Ra,,234.05055
118,89,207,Ac,,207.01209
119,89,208,Ac,,208.01149
120,89,209,Ac,,209.00957
121,89,210,Ac,,210.00926
122,89,211,Ac,,211.00765
123,89,212,Ac,,212.00781
124,89,213,Ac,,213.00657
125,89,214,Ac,,214.00689
126,89,215,Ac,,215.00645
127,89,216,Ac,,216.008721
128,89,217,Ac,,217.009333
129,89,218,Ac,,218.01163
130,89,219,Ac,,219.0124
131,89,220,Ac,,220.01475
132,89,221,Ac,,221.01558
133,89,222,Ac,,222.017829
134,89,223,Ac,,223.019126
135,89,224,Ac,,224.021708
136,89,225,Ac,,225.023221
137,89,226,Ac,,226.02609
138,89,227,Ac,,227.027747
139,89,228,Ac,,228.0310148
140,89,229,Ac,,229.03293
141,89,230,Ac,,230.03603
142,89,231,Ac,,231.03855
143,89,232,Ac,,232.04202
144,89,233,Ac,,233.04455
145,89,234,Ac,,234.04842
146,89,235,Ac,,235.0511
147,89,236,Ac,,236.05518
120,90,210,Th,,210.01503
121,90,211,Th,,211.01486
122,90,212,Th,,212.01292
123,90,213,Th,,213.01296
124,90,214,Th,,214.01145
125,90,215,Th,,215.01173
126,90,216,Th,,216.011051
127,90,217,Th,,217.01307
128,90,218,Th,,218.013268
129,90,219,Th,,219.01552
130,90,220,Th,,220.015733
131,90,221,Th,,221.018171
132,90,222,Th,,222.018454
133,90,223,Th,,223.020795
134,90,224,Th,,224.021459
135,90,225,Th,,225.023941
136,90,226,Th,,226.024891
137,90,227,Th,,227.027699
138,90,228,Th,,228.0287313
139,90,229,Th,,229.031755
140,90,230,Th,,230.0331266
141,90,231,Th,,231.0362971
142,90,232,Th,,232.0380504
143,90,233,Th,,233.0415769
144,90,234,Th,,234.043595
145,90,235,Th,,235.0475
146,90,236,Th,,236.04971
147,90,237,Th,,237.05389
148,90,238,Th,,238.05624
122,91,213,Pa,,213.02118
123,91,214,Pa,,214.02074
124,91,215,Pa,,215.0191
125,91,216,Pa,,216.01911
126,91,217,Pa,,217.01829
127,91,218,Pa,,218.02001
128,91,219,Pa,,219.01988
129,91,220,Pa,,220.02188
130,91,221,Pa,,221.02186
131,91,222,Pa,,222.02373
132,91,223,Pa,,223.02396
133,91,224,Pa,,224.02561
134,91,225,Pa,,225.02612
135,91,226,Pa,,226.027933
136,91,227,Pa,,227.028793
137,91,228,Pa,,228.031037
138,91,229,Pa,,229.032089
139,91,230,Pa,,230.034533
140,91,231,Pa,,231.0358789
141,91,232,Pa,,232.038582
142,91,233,Pa,,233.0402402
143,91,234,Pa,,234.043302
144,91,235,Pa,,235.04544
145,91,236,Pa,,236.04868
146,91,237,Pa,,237.05114
147,91,238,Pa,,238.0545
148,91,239,Pa,,239.05713
149,91,240,Pa,,240.06098
126,92,218,U,,218.02349
127,92,219,U,,219.02492
128,92,220,U,,220.02471
129,92,221,U,,221.02635
130,92,222,U,,222.02607
131,92,223,U,,223.02772
132,92,224,U,,224.02759
133,92,225,U,,225.02938
134,92,226,U,,226.02934
135,92,227,U,,227.03114
136,92,228,U,,228.031366
137,92,229,U,,229.033496
138,92,230,U,,230.033927
139,92,231,U,,231.036289
140,92,232,U,,232.0371463
141,92,233,U,,233.039628
142,92,234,U,,234.0409456
143,92,235,U,,235.0439231
144,92,236,U,,236.0455619
145,92,237,U,,237.048724
146,92,238,U,,238.0507826
147,92,239,U,,239.0542878
148,92,240,U,,240.056586
149,92,241,U,,241.06033
150,92,242,U,,242.06293
132,93,225,Np,,225.0339
133,93,226,Np,,226.03513
134,93,227,Np,,227.03496
135,93,228,Np,,228.03618
136,93,229,Np,,229.03625
137,93,230,Np,,230.03781
138,93,231,Np,,231.03823
139,93,232,Np,,232.0401
140,93,233,Np,,233.04073
141,93,234,Np,,234.042889
142,93,235,Np,,235.0440559
143,93,236,Np,,236.04656
144,93,237,Np,,237.0481673
145,93,238,Np,,238.0509405
146,93,239,Np,,239.0529314
147,93,240,Np,,240.056169
148,93,241,Np,,241.05825
149,93,242,Np,,242.06164
150,93,243,Np,,243.06427
151,93,244,Np,,244.06785
134,94,228,Pu,,228.03873
135,94,229,Pu,,229.04014
136,94,230,Pu,,230.039646
137,94,231,Pu,,231.04126
138,94,232,Pu,,232.041179
139,94,233,Pu,,233.04299
140,94,234,Pu,,234.043305
141,94,235,Pu,,235.045282
142,94,236,Pu,,236.0460481
143,94,237,Pu,,237.0484038
144,94,238,Pu,,238.0495534
145,94,239,Pu,,239.0521565
146,94,240,Pu,,240.0538075
147,94,241,Pu,,241.0568453
148,94,242,Pu,,242.0587368
149,94,243,Pu,,243.061997
150,94,244,Pu,,244.064198
151,94,245,Pu,,245.067739
152,94,246,Pu,,246.070198
153,94,247,Pu,,247.07407
136,95,231,Am,,231.04556
137,95,232,Am,,232.04659
138,95,233,Am,,233.04647
139,95,234,Am,,234.04779
140,95,235,Am,,235.04803
141,95,236,Am,,236.04957
142,95,237,Am,,237.04997
143,95,238,Am,,238.05198
144,95,239,Am,,239.053018
145,95,240,Am,,240.055288
146,95,241,Am,,241.0568229
147,95,242,Am,,242.059543
148,95,243,Am,,243.0613727
149,95,244,Am,,244.0642794
150,95,245,Am,,245.066445
151,95,246,Am,,246.069768
152,95,247,Am,,247.07209
153,95,248,Am,,248.07575
154,95,249,Am,,249.07848
137,96,233,Cm,,233.0508
138,96,234,Cm,,234.05024
139,96,235,Cm,,235.05159
140,96,236,Cm,,236.05141
141,96,237,Cm,,237.05289
142,96,238,Cm,,238.05302
143,96,239,Cm,,239.05495
144,96,240,Cm,,240.055519
145,96,241,Cm,,241.0576467
146,96,242,Cm,,242.0588293
147,96,243,Cm,,243.0613822
148,96,244,Cm,,244.0627463
149,96,245,Cm,,245.0654856
150,96,246,Cm,,246.0672176
151,96,247,Cm,,247.070347
152,96,248,Cm,,248.072342
153,96,249,Cm,,249.075947
154,96,250,Cm,,250.078351
155,96,251,Cm,,251.082278
156,96,252,Cm,,252.08487
138,97,235,Bk,,235.05658
139,97,236,Bk,,236.05733
140,97,237,Bk,,237.05713
141,97,238,Bk,,238.05827
142,97,239,Bk,,239.05836
143,97,240,Bk,,240.05975
144,97,241,Bk,,241.06022
145,97,242,Bk,,242.06205
146,97,243,Bk,,243.063002
147,97,244,Bk,,244.065168
148,97,245,Bk,,245.0663554
149,97,246,Bk,,246.06867
150,97,247,Bk,,247.070299
151,97,248,Bk,,248.07308
152,97,249,Bk,,249.07498
153,97,250,Bk,,250.078311
154,97,251,Bk,,251.080753
155,97,252,Bk,,252.0843
156,97,253,Bk,,253.08688
157,97,254,Bk,,254.0906
139,98,237,Cf,,237.06207
140,98,238,Cf,,238.06141
141,98,239,Cf,,239.06258
142,98,240,Cf,,240.0623
143,98,241,Cf,,241.06372
144,98,242,Cf,,242.06369
145,98,243,Cf,,243.06542
146,98,244,Cf,,244.06599
147,98,245,Cf,,245.06804
148,98,246,Cf,,246.0687988
149,98,247,Cf,,247.070992
150,98,248,Cf,,248.072178
151,98,249,Cf,,249.074847
152,98,250,Cf,,250.0764
153,98,251,Cf,,251.07958
154,98,252,Cf,,252.08162
155,98,253,Cf,,253.085127
156,98,254,Cf,,254.087316
157,98,255,Cf,,255.09104
158,98,256,Cf,,256.09344
141,99,240,Es,,240.06892
142,99,241,Es,,241.06866
143,99,242,Es,,242.0697
144,99,243,Es,,243.06963
145,99,244,Es,,244.07097
146,99,245,Es,,245.07132
147,99,246,Es,,246.07297
148,99,247,Es,,247.07365
149,99,248,Es,,248.07546
150,99,249,Es,,249.07641
151,99,250,Es,,250.07865
152,99,251,Es,,251.079984
153,99,252,Es,,252.08297
154,99,253,Es,,253.084818
155,99,254,Es,,254.088016
156,99,255,Es,,255.090266
157,99,256,Es,,256.09359
158,99,257,Es,,257.09598
142,100,242,Fm,,242.07343
143,100,243,Fm,,243.07451
144,100,244,Fm,,244.07408
145,100,245,Fm,,245.07538
146,100,246,Fm,,246.07528
147,100,247,Fm,,247.07682
148,100,248,Fm,,248.077184
149,100,249,Fm,,249.07902
150,100,250,Fm,,250.079515
151,100,251,Fm,,251.081566
152,100,252,Fm,,252.08246
153,100,253,Fm,,253.085176
154,100,254,Fm,,254.086848
155,100,255,Fm,,255.089955
156,100,256,Fm,,256.091767
157,100,257,Fm,,257.095099
158,100,258,Fm,,258.09707
159,100,259,Fm,,259.10059
144,101,245,Md,,245.08102
145,101,246,Md,,246.08193
146,101,247,Md,,247.0818
147,101,248,Md,,248.08291
148,101,249,Md,,249.083
149,101,250,Md,,250.08449
150,101,251,Md,,251.08492
151,101,252,Md,,252.08663
152,101,253,Md,,253.08728
153,101,254,Md,,254.08973
154,101,255,Md,,255.091075
155,101,256,Md,,256.09405
156,101,257,Md,,257.095535
157,101,258,Md,,258.098425
158,101,259,Md,,259.1005
159,101,260,Md,,260.10365
147,102,249,No,,249.08782
148,102,250,No,,250.08749
149,102,251,No,,251.08896
150,102,252,No,,252.088966
151,102,253,No,,253.09065
152,102,254,No,,254.090949
153,102,255,No,,255.093232
154,102,256,No,,256.094276
155,102,257,No,,257.09685
156,102,258,No,,258.0982
157,102,259,No,,259.10102
158,102,260,No,,260.10264
159,102,261,No,,261.10574
160,102,262,No,,262.10752
148,103,251,Lr,,251.09436
149,103,252,Lr,,252.09533
150,103,253,Lr,,253.09526
151,103,254,Lr,,254.09659
152,103,255,Lr,,255.09677
153,103,256,Lr,,256.09876
154,103,257,Lr,,257.09961
155,103,258,Lr,,258.10188
156,103,259,Lr,,259.10299
157,103,260,Lr,,260.10557
158,103,261,Lr,,261.10694
159,103,262,Lr,,262.10969
160,103,263,Lr,,263.11139
149,104,253,Rf,Db,253.10068
150,104,254,Rf,Db,254.10017
151,104,255,Rf,Db,255.10149
152,104,256,Rf,Db,256.10118
153,104,257,Rf,Db,257.10307
154,104,258,Rf,Db,258.10357
155,104,259,Rf,Db,259.10563
156,104,260,Rf,Db,260.10643
157,104,261,Rf,Db,261.10875
158,104,262,Rf,Db,262.10992
159,104,263,Rf,Db,263.11254
160,104,264,Rf,Db,264.11398
150,105,255,Db,Jl,255.1074
151,105,256,Db,Jl,256.10811
152,105,257,Db,Jl,257.10786
153,105,258,Db,Jl,258.10944
154,105,259,Db,Jl,259.10972
155,105,260,Db,Jl,260.11143
156,105,261,Db,Jl,261.11211
157,105,262,Db,Jl,262.11415
158,105,263,Db,Jl,263.11508
159,105,264,Db,Jl,264.11747
160,105,265,Db,Jl,265.11866
152,106,258,Sg,Rf,258.11315
153,106,259,Sg,Rf,259.11465
154,106,260,Sg,Rf,260.11444
155,106,261,Sg,Rf,261.1162
156,106,262,Sg,Rf,262.11648
157,106,263,Sg,Rf,263.11831
158,106,264,Sg,Rf,264.11892
159,106,265,Sg,Rf,265.12107
160,106,266,Sg,Rf,266.12193
153,107,260,Bh,,260.1218
154,107,261,Bh,,261.1218
155,107,262,Bh,,262.12301
156,107,263,Bh,,263.12315
157,107,264,Bh,,264.12473
158,107,265,Bh,,265.1252
159,107,266,Bh,,266.12701
160,107,267,Bh,,267.12774
155,108,263,Hs,Hn,263.12871
156,108,264,Hs,Hn,264.12841
157,108,265,Hs,Hn,265.13
158,108,266,Hs,Hn,266.13004
159,108,267,Hs,Hn,267.13177
160,108,268,Hs,Hn,268.13216
161,108,269,Hs,Hn,269.13411
156,109,265,Mt,,265.13657
157,109,266,Mt,,266.13794
158,109,267,Mt,,267.13753
159,109,268,Mt,,268.13882
160,109,269,Mt,,269.13911
161,109,270,Mt,,270.14072
162,109,271,Mt,,271.14123
157,110,267,Ds,Xa,267.14396
158,110,268,Ds,Xa,268.14353
159,110,269,Ds,Xa,269.14514
160,110,270,Ds,Xa,270.14463
161,110,271,Ds,Xa,271.14608
162,110,272,Ds,Xa,272.14631
163,110,273,Ds,Xa,273.14925
161,111,272,Rg,Xb,272.15348
