nuclide,half_life,group,freq_pct,E_avg_keV,E_max_keV,E_keV
3H,12.33 y,beta,100,5.67,18.6,
11C,20.39 min,positron,99.76,385.6,960.1,
11C,20.39 min,gamma_xray,199.52,,,511
14C,5730 y,beta,100,49.5,156.5,
13N,9.965 min,positron,99.82,491.8,1198.5,
13N,9.965 min,gamma_xray,199.64,,,511
16N,7.13 s,beta,4.9,1461.5,3301.9,
16N,7.13 s,beta,68,1941.2,4288.3,
16N,7.13 s,beta,26,4979.2,10419,
16N,7.13 s,gamma_xray,69,,,6129.2
16N,7.13 s,gamma_xray,5,,,7115.1
15O,122.24 s,positron,99.89,735.3,1731.8,
15O,122.24 s,gamma_xray,199.77,,,511
19O,26.91 s,beta,56.06,1442.7,3264.8,
19O,26.91 s,beta,39.77,2103.5,4621.6,
19O,26.91 s,beta,3.83,2216.1,4818.8,
19O,26.91 s,gamma_xray,3.45,,,110
19O,26.91 s,gamma_xray,90.34,,,197
19O,26.91 s,gamma_xray,50.34,,,1356
19O,26.91 s,gamma_xray,3.35,,,1444
19O,26.91 s,gamma_xray,2.2,,,1550
18F,109.77 min,positron,100,249.8,633.5,
18F,109.77 min,gamma_xray,200,,,511
22Na,2.602 y,positron,89.84,215.4,545.5,
22Na,continued,gamma_xray,179.8,,,511
22Na,continued,gamma_xray,99.94,,,1274.5
24Na,15.020 h,beta,99.94,553.8,1390.2,
24Na,15.020 h,gamma_xray,100,,,1368.5
24Na,15.020 h,gamma_xray,99.94,,,2754.1
32P,14.26 d,beta,100,694.7,1710.4,
35S,87.44 d,beta,100,48.8,167.5,
35S,87.44 d,beta,36,,,5
16Cl,3.01 x 10 y,beta,98.1,278.8,709.5,
38Cl,37.21 min,beta,32.53,420.1,1107.2,
38Cl,37.21 min,beta,11.41,1181.4,2749.6,
38Cl,37.21 min,beta,56.06,2244,4917.2,
38Cl,37.21 min,gamma_xray,32.5,,,1642.4
38Cl,37.21 min,gamma_xray,44,,,2167.5
41Ar,1.827 h,beta,99.17,459,1198.1,
41Ar,1.827 h,gamma_xray,99.16,,,1293.6
38K,7.636 min,positron,99.29,1216.5,2733.4,
38K,7.636 min,gamma_xray,198.93,,,511
38K,7.636 min,gamma_xray,99.8,,,2167
38K,7.636 min,gamma_xray,40,,,9
19K,1.28 x 10 y,beta,89.3,585,1311.6,
40K,continued,gamma_xray,10.7,,,1460.7
42K,12.36 h,beta,17.49,822,1996.4,
42K,12.36 h,beta,82.07,1563.7,3521.1,
42K,12.36 h,gamma_xray,17.9,,,1524.7
43K,22.6 h,beta,2.24,136.9,422.4,
43K,22.6 h,beta,91.97,297.9,826.7,
43K,22.6 h,beta,3.69,469.1,1223.6,
43K,22.6 h,beta,1.3,761.5,1817,
43K,22.6 h,gamma_xray,4.11,,,220.6
43K,22.6 h,gamma_xray,87.27,,,372.8
43K,22.6 h,gamma_xray,11.43,,,396.9
43K,22.6 h,gamma_xray,11.03,,,593.4
43K,22.6 h,gamma_xray,80.51,,,617.5
43K,22.6 h,gamma_xray,1.88,,,1021.8
45Ca,163.8 d,beta,100,77.2,256.9,
47Ca,4.536 d,beta,80.83,241,690.9,
47Ca,4.536 d,beta,18.96,816.7,1988,
47Ca,4.536 d,gamma_xray,6.51,,,489.2
47Ca,4.536 d,gamma_xray,6.51,,,807.9
47Ca,4.536 d,gamma_xray,74,,,1297.1
46Sc,83.83 d,beta,100,112,357.3,
46Sc,83.83 d,gamma_xray,99.98,,,889.3
46Sc,83.83 d,gamma_xray,99.99,,,1120.5
47Sc,3.345 d,beta,68.3,142.7,441.2,
47Sc,3.345 d,beta,31.7,204.1,600.6,
47Sc,3.345 d,gamma_xray,67.9,,,159.4
51Cr,27.704 d,gamma_xray,10.08,,,320.1
54Mn,312.5 d,gamma_xray,99.98,,,834.8
52Fe,8.275 h,positron,56,339.9,803.6,
52Fe,8.275 h,gamma_xray,99.23,,,168.7
52Fe,8.275 h,gamma_xray,112,,,511
59Fe,44.496 d,beta,1.29,35.6,130.5,
59Fe,44.496 d,beta,45.26,80.9,273.2,
59Fe,44.496 d,beta,53.17,149.1,465.5,
59Fe,continued,gamma_xray,1.02,,,142.7
59Fe,continued,gamma_xray,3.08,,,192.3
59Fe,continued,gamma_xray,56.5,,,1099.3
59Fe,continued,gamma_xray,43.2,,,1291.6
57Co,271.80 d,conversion_auger_electron,6.83,,,13.6
57Co,271.80 d,conversion_auger_electron,1.84,,,114.9
57Co,271.80 d,conversion_auger_electron,1.39,,,129.4
57Co,271.80 d,gamma_xray,9.23,,,14.4
57Co,271.80 d,gamma_xray,85.95,,,122.1
57Co,271.80 d,gamma_xray,10.33,,,136.5
58Co,70.916 d,positron,14.99,201.2,475,
58Co,70.916 d,gamma_xray,29.98,,,511
58Co,70.916 d,gamma_xray,99.45,,,810.8
60Co,5.2704 y,beta,99.94,95.8,317.9,
60Co,5.2704 y,gamma_xray,99.9,,,1173.2
60Co,5.2704 y,gamma_xray,99.99,,,1332.5
63Ni,100.1 y,beta,100,17.1,65.9,
62Zn,9.26 h,positron,8.39,258.6,605,
62Zn,9.26 h,conversion_auger_electron,14.65,,,31.9
62Zn,9.26 h,conversion_auger_electron,1.46,,,39.8
62Zn,9.26 h,gamma_xray,25.19,,,40.9
62Zn,9.26 h,gamma_xray,2.49,,,243.4
62Zn,9.26 h,gamma_xray,1.88,,,247
62Zn,9.26 h,gamma_xray,1.34,,,260.4
62Zn,9.26 h,gamma_xray,2.21,,,394
62Zn,9.26 h,gamma_xray,14.65,,,507.6
62Zn,9.26 h,gamma_xray,16.78,,,511
62Zn,9.26 h,gamma_xray,15.16,,,548.3
62Zn,9.26 h,gamma_xray,25.7,,,596.6
65Zn,243.9 d,positron,1.42,142.6,328.8,
65Zn,243.9 d,gamma_xray,2.83,,,511
65Zn,243.9 d,gamma_xray,50.7,,,1115.5
69mZn,continued,conversion_auger_electron,4.53,,,429
69mZn,continued,gamma_xray,94.87,,,438.6
66Ga,9.49 h,positron,3.8,397,923.7,
66Ga,9.49 h,positron,50.24,1903.4,4153,
66Ga,9.49 h,gamma_xray,113.07,,,511
66Ga,9.49 h,gamma_xray,6.03,,,833.5
66Ga,9.49 h,gamma_xray,37.9,,,1039.2
66Ga,9.49 h,gamma_xray,1.23,,,1333.1
66Ga,9.49 h,gamma_xray,2.14,,,1918.6
66Ga,9.49 h,gamma_xray,5.71,,,2189.9
66Ga,9.49 h,gamma_xray,1.96,,,2422.8
66Ga,9.49 h,gamma_xray,23.19,,,2752
66Ga,9.49 h,gamma_xray,1.48,,,3229.2
66Ga,9.49 h,gamma_xray,1.4,,,3381.3
66Ga,9.49 h,gamma_xray,1.02,,,3791.6
66Ga,9.49 h,gamma_xray,1.14,,,4086.3
66Ga,9.49 h,gamma_xray,3.49,,,4295.9
66Ga,9.49 h,gamma_xray,1.48,,,4806.6
67Ga,3.261 d,conversion_auger_electron,27.77,,,83.7
67Ga,3.261 d,conversion_auger_electron,2.46,,,92.1
67Ga,3.261 d,gamma_xray,2.96,,,91.3
67Ga,3.261 d,gamma_xray,37,,,93.3
67Ga,3.261 d,gamma_xray,20.4,,,184.6
67Ga,3.261 d,gamma_xray,2.33,,,209
67Ga,3.261 d,gamma_xray,16.6,,,300.2
67Ga,3.261 d,gamma_xray,4.64,,,393.5
68Ga,68.06 min,positron,1.12,352.6,821.7,
68Ga,68.06 min,positron,87.92,835.8,1899.1,
68Ga,68.06 min,gamma_xray,178.08,,,511
68Ga,68.06 min,gamma_xray,3,,,1077.4
72Ga,14.10 h,beta,14.97,217.1,650.2,
72Ga,14.10 h,beta,21.65,223.7,667,
72Ga,14.10 h,beta,27.64,341.9,956.4,
72Ga,14.10 h,beta,1.87,381,1048.5,
72Ga,14.10 h,beta,8.88,569.1,1477.2,
72Ga,14.10 h,beta,2.98,773.9,1927,
72Ga,14.10 h,beta,8.48,1054.8,2528,
72Ga,14.10 h,beta,10.28,1354.2,3158,
72Ga,14.10 h,gamma_xray,5.54,,,601
72Ga,14.10 h,gamma_xray,24.77,,,630
72Ga,14.10 h,gamma_xray,3.2,,,786.4
72Ga,14.10 h,gamma_xray,2.01,,,810.2
72Ga,14.10 h,gamma_xray,95.63,,,834
72Ga,14.10 h,gamma_xray,9.88,,,894.2
72Ga,14.10 h,gamma_xray,1.1,,,970.5
72Ga,14.10 h,gamma_xray,6.91,,,1050.7
72Ga,14.10 h,gamma_xray,1.45,,,1230.9
72Ga,14.10 h,gamma_xray,1.45,,,1230.9
72Ga,14.10 h,gamma_xray,1.13,,,1260.1
72Ga,14.10 h,gamma_xray,1.56,,,1276.8
72Ga,14.10 h,gamma_xray,3.55,,,1464
72Ga,14.10 h,gamma_xray,4.24,,,1596.7
72Ga,14.10 h,gamma_xray,5.25,,,1861.1
72Ga,14.10 h,gamma_xray,1.04,,,2109.5
72Ga,14.10 h,gamma_xray,25.92,,,2201.7
72Ga,14.10 h,gamma_xray,7.68,,,2491
72Ga,14.10 h,gamma_xray,12.78,,,2507.8
72As,26.0 h,positron,5.8,821.8,1865,
72As,26.0 h,positron,64.04,1114.4,2495,
72As,26.0 h,positron,16.29,1525.7,3329,
72As,26.0 h,conversion_auger_electron,1.43,,,679.9
72As,26.0 h,gamma_xray,175.27,,,511
72As,26.0 h,gamma_xray,7.92,,,629.9
72As,26.0 h,gamma_xray,79.5,,,834
72As,26.0 h,gamma_xray,1.11,,,1464
74As,17.76 d,positron,25.7,407.9,944.3,
74As,17.76 d,positron,3.4,700.9,1540.1,
74As,17.76 d,beta,15.38,242.8,718.3,
74As,17.76 d,beta,18.78,530.9,1353.1,
74As,17.76 d,gamma_xray,1.45,,,11
74As,17.76 d,gamma_xray,58.2,,,511
74As,17.76 d,gamma_xray,59.22,,,595.8
74As,17.76 d,gamma_xray,15.39,,,634.8
76As,26.32 h,beta,1.19,92.8,313.6,
76As,26.32 h,beta,1.89,173.8,540.1,
76As,26.32 h,beta,2.02,436.3,1181.2,
76As,26.32 h,beta,7.6,691.6,1752.8,
76As,26.32 h,beta,34.59,996.2,2409.8,
76As,26.32 h,beta,50.99,1266.9,2968.9,
76As,continued,gamma_xray,44.7,,,559.1
76As,continued,gamma_xray,1.17,,,563.2
76As,continued,gamma_xray,6.08,,,657
76As,continued,gamma_xray,1.63,,,1212.7
76As,continued,gamma_xray,3.84,,,1216
76As,continued,gamma_xray,1.39,,,1228.5
74Se,119.770 d,conversion_auger_electron,3.02,,,10.2
74Se,119.770 d,conversion_auger_electron,2.48,,,10.4
74Se,119.770 d,conversion_auger_electron,4.48,,,10.4
74Se,119.770 d,conversion_auger_electron,1.05,,,11.6
74Se,119.770 d,conversion_auger_electron,5.32,,,12.7
74Se,119.770 d,conversion_auger_electron,2.7,,,84.9
74Se,119.770 d,conversion_auger_electron,1.55,,,124.1
74Se,119.770 d,gamma_xray,16.5,,,10.5
74Se,119.770 d,gamma_xray,32.11,,,10.5
74Se,119.770 d,gamma_xray,2.41,,,11.7
74Se,119.770 d,gamma_xray,4.72,,,11.7
74Se,119.770 d,gamma_xray,1.14,,,66.1
74Se,119.770 d,gamma_xray,3.48,,,96.7
74Se,119.770 d,gamma_xray,17.32,,,121.1
74Se,119.770 d,gamma_xray,58.98,,,136
74Se,119.770 d,gamma_xray,1.47,,,198.6
74Se,119.770 d,gamma_xray,59.1,,,264.7
74Se,119.770 d,gamma_xray,25.18,,,279.5
74Se,119.770 d,gamma_xray,1.34,,,303.9
74Se,119.770 d,gamma_xray,11.56,,,400.7
76Br,16.2 h,positron,1.42,333.8,770,
76Br,16.2 h,positron,6.2,373,860.3,
76Br,16.2 h,positron,5.12,425.1,979.4,
76Br,16.2 h,positron,1.22,549.3,1259.8,
76Br,16.2 h,positron,2.76,1218.5,2713.9,
76Br,16.2 h,positron,2.07,1262.7,2807.7,
76Br,16.2 h,positron,25.41,1529.8,3370.9,
76Br,16.2 h,positron,5.91,1797.3,3930,
76Br,16.2 h,conversion_auger_electron,1.16,,,10.8
76Br,16.2 h,conversion_auger_electron,1.71,,,11
76Br,16.2 h,gamma_xray,6.98,,,11.2
76Br,16.2 h,gamma_xray,13.55,,,11.2
76Br,16.2 h,gamma_xray,1.04,,,12.5
76Br,16.2 h,gamma_xray,2.03,,,12.5
76Br,16.2 h,gamma_xray,1.86,,,472.9
76Br,16.2 h,gamma_xray,109.53,,,511
76Br,16.2 h,gamma_xray,74,,,559.1
76Br,16.2 h,gamma_xray,3.55,,,563.2
76Br,16.2 h,gamma_xray,15.91,,,657
76Br,16.2 h,gamma_xray,4.59,,,1129.8
76Br,16.2 h,gamma_xray,1.7,,,1213.1
76Br,16.2 h,gamma_xray,8.81,,,1216.1
76Br,16.2 h,gamma_xray,2.09,,,1228.7
76Br,16.2 h,gamma_xray,2.52,,,1380.5
76Br,16.2 h,gamma_xray,2.31,,,1471.1
76Br,16.2 h,gamma_xray,14.65,,,1853.7
76Br,16.2 h,gamma_xray,1.36,,,2096.7
76Br,16.2 h,gamma_xray,2.49,,,2111.2
76Br,16.2 h,gamma_xray,4.74,,,2391.2
76Br,16.2 h,gamma_xray,1.95,,,2510.8
76Br,16.2 h,gamma_xray,5.62,,,2792.7
76Br,16.2 h,gamma_xray,7.4,,,2950.5
76Br,16.2 h,gamma_xray,1.55,,,3604
77Br,57.036 h,conversion_auger_electron,2.58,,,10.8
77Br,57.036 h,conversion_auger_electron,2.13,,,11
77Br,57.036 h,conversion_auger_electron,3.79,,,11
77Br,continued,gamma_xray,15.48,,,11.2
77Br,continued,gamma_xray,30.06,,,11.2
77Br,continued,gamma_xray,2.31,,,12.5
77Br,continued,gamma_xray,4.51,,,12.5
77Br,continued,gamma_xray,1.45,,,87.6
77Br,continued,gamma_xray,1.14,,,161.8
77Br,continued,gamma_xray,1.25,,,200.4
77Br,continued,gamma_xray,23.89,,,239
77Br,continued,gamma_xray,3.08,,,249.8
77Br,continued,gamma_xray,2.37,,,281.7
77Br,continued,gamma_xray,4.3,,,297.2
77Br,continued,gamma_xray,1.22,,,303.8
77Br,continued,gamma_xray,1.62,,,439.5
77Br,continued,gamma_xray,1.03,,,484.6
77Br,continued,gamma_xray,1.48,,,511
77Br,continued,gamma_xray,23.17,,,520.7
77Br,continued,gamma_xray,1.23,,,574.6
77Br,continued,gamma_xray,3.06,,,578.9
77Br,continued,gamma_xray,1.62,,,585.5
77Br,continued,gamma_xray,1.72,,,755.3
77Br,continued,gamma_xray,2.15,,,817.8
82Br,35.30 h,beta,1.36,76.2,264.6,
82Br,35.30 h,beta,98.64,137.8,444.3,
82Br,35.30 h,gamma_xray,2.26,,,221.4
82Br,35.30 h,gamma_xray,70.78,,,554.3
82Br,35.30 h,gamma_xray,1.17,,,606.3
82Br,35.30 h,gamma_xray,43.45,,,619.1
82Br,35.30 h,gamma_xray,28.49,,,698.3
82Br,35.30 h,gamma_xray,83.56,,,776.5
82Br,35.30 h,gamma_xray,24.04,,,827.8
82Br,35.30 h,gamma_xray,1.27,,,1007.6
82Br,35.30 h,gamma_xray,27.2,,,1044
82Br,35.30 h,gamma_xray,26.52,,,1317.5
82Br,35.30 h,gamma_xray,16.32,,,1474.8
81mKr,13 s,conversion_auger_electron,1.1,,,10.6
81mKr,13 s,conversion_auger_electron,3.42,,,10.8
81mKr,13 s,conversion_auger_electron,1.05,,,12.4
81mKr,13 s,conversion_auger_electron,26.86,,,176.1
81mKr,13 s,conversion_auger_electron,2.51,,,188.5
81mKr,13 s,conversion_auger_electron,1.03,,,188.7
81mKr,13 s,conversion_auger_electron,1.04,,,188.8
81mKr,13 s,gamma_xray,5.07,,,12.6
81mKr,13 s,gamma_xray,9.81,,,12.7
81mKr,13 s,gamma_xray,1.5,,,14.1
81mKr,13 s,gamma_xray,67.1,,,190.4
85mKr,4.480 h,beta,79,290.3,840.7,
85mKr,4.480 h,conversion_auger_electron,3.15,,,136
85mKr,4.480 h,conversion_auger_electron,6,,,290.5
85mKr,4.480 h,gamma_xray,1.13,,,12.6
85mKr,4.480 h,gamma_xray,2.19,,,12.7
85mKr,4.480 h,gamma_xray,1.18,,,13.4
85mKr,4.480 h,gamma_xray,75.37,,,151.2
85mKr,4.480 h,gamma_xray,13.76,,,304.9
85Kr,10.72 y,beta,99.56,251.4,687,
87Kr,76.3 min,beta,4.39,326,927.4,
87Kr,76.3 min,beta,9.48,499.9,1333.2,
87Kr,76.3 min,beta,5.59,562.1,1473.6,
87Kr,76.3 min,beta,6.88,1293.6,3042.6,
87Kr,76.3 min,beta,40.69,1501.3,3485.4,
87Kr,76.3 min,beta,30.42,1694,3888,
87Kr,76.3 min,gamma_xray,49.5,,,402.6
87Kr,76.3 min,gamma_xray,1.91,,,673.9
87Kr,76.3 min,gamma_xray,7.28,,,845.4
87Kr,76.3 min,gamma_xray,1.12,,,1175.4
87Kr,76.3 min,gamma_xray,2.05,,,1740.5
87Kr,76.3 min,gamma_xray,2.9,,,2011.9
87Kr,76.3 min,gamma_xray,9.31,,,2554.8
87Kr,76.3 min,gamma_xray,3.91,,,2558.1
88Kr,2.84 h,beta,2.64,109.5,364.6,
88Kr,2.84 h,beta,66.8,165.4,520.8,
88Kr,2.84 h,beta,9.07,226.5,681.2,
88Kr,2.84 h,beta,1.91,441,1198.3,
88Kr,2.84 h,beta,1.31,824.4,2050.7,
88Kr,2.84 h,beta,1.79,1135.9,2716.7,
88Kr,2.84 h,beta,13.96,1233,2913,
88Kr,2.84 h,conversion_auger_electron,1.43,,,11.4
88Kr,2.84 h,conversion_auger_electron,10.75,,,12.3
88Kr,2.84 h,conversion_auger_electron,1.13,,,25.4
88Kr,2.84 h,conversion_auger_electron,1.17,,,181.1
88Kr,continued,gamma_xray,2.4,,,13.3
88Kr,continued,gamma_xray,4.63,,,13.4
88Kr,continued,gamma_xray,2.07,,,27.5
88Kr,continued,gamma_xray,3.1,,,166
88Kr,continued,gamma_xray,25.98,,,196.3
88Kr,continued,gamma_xray,2.25,,,362.2
88Kr,continued,gamma_xray,12.97,,,834.8
88Kr,continued,gamma_xray,1.31,,,985.8
88Kr,continued,gamma_xray,1.28,,,1141.3
88Kr,continued,gamma_xray,1.12,,,1250.7
88Kr,continued,gamma_xray,1.48,,,1369.5
88Kr,continued,gamma_xray,2.15,,,1518.4
88Kr,continued,gamma_xray,10.93,,,1529.8
88Kr,continued,gamma_xray,4.53,,,2029.8
88Kr,continued,gamma_xray,3.74,,,2035.4
88Kr,continued,gamma_xray,13.18,,,2195.8
88Kr,continued,gamma_xray,3.39,,,2231.8
88Kr,continued,gamma_xray,34.6,,,2392.1
89Kr,3.16 m,beta,4,850,2103.9,
89Kr,3.16 m,beta,14.4,970,2371.9,
89Kr,3.16 m,beta,5.7,1070,2569.1,
89Kr,3.16 m,beta,3.09,1180,2810,
89Kr,3.16 m,beta,2.53,1260,2971.5,
89Kr,3.16 m,beta,10.2,1400,3276.2,
89Kr,3.16 m,beta,2.9,1480,3439.8,
89Kr,3.16 m,beta,3.6,1580,3645.7,
89Kr,3.16 m,beta,1.3,1730,3972.5,
89Kr,3.16 m,beta,2.3,1930,4384.1,
89Kr,3.16 m,beta,4.4,1940,4393,
89Kr,3.16 m,beta,1.2,1980,4472.5,
89Kr,3.16 m,beta,23,2210,4970,
89Kr,continued,gamma_xray,20,,,220.9
89Kr,continued,gamma_xray,6.64,,,497.5
89Kr,continued,gamma_xray,5.64,,,577
89Kr,continued,gamma_xray,16.6,,,585.8
89Kr,continued,gamma_xray,4.2,,,738.4
89Kr,continued,gamma_xray,5.92,,,867.1
89Kr,continued,gamma_xray,7.18,,,904.3
89Kr,continued,gamma_xray,2.92,,,1107.8
89Kr,continued,gamma_xray,1.66,,,1116.6
89Kr,continued,gamma_xray,3.06,,,1324.3
89Kr,continued,gamma_xray,6.88,,,1472.8
89Kr,continued,gamma_xray,1.32,,,1501
89Kr,continued,gamma_xray,3.32,,,1530
89Kr,continued,gamma_xray,5.12,,,1533.7
89Kr,continued,gamma_xray,4.38,,,1693.7
89Kr,continued,gamma_xray,1.04,,,1903.4
89Kr,continued,gamma_xray,1.56,,,2012.2
89Kr,continued,gamma_xray,1.74,,,2866.2
89Kr,continued,gamma_xray,1.04,,,3140.3
89Kr,continued,gamma_xray,1.04,,,3361.7
89Kr,continued,gamma_xray,1.34,,,3532.9
89Kr,continued,gamma_xray,7.12,,,2181.1
81Rb,4.576 h,positron,1.79,252.7,577.4,
81Rb,4.576 h,positron,26.31,446.3,1023.5,
81Rb,4.576 h,conversion_auger_electron,1.67,,,10.4
81Rb,4.576 h,conversion_auger_electron,3.64,,,10.6
81Rb,4.576 h,conversion_auger_electron,2.12,,,10.7
81Rb,4.576 h,conversion_auger_electron,11.27,,,10.8
81Rb,4.576 h,conversion_auger_electron,3.23,,,10.9
81Rb,4.576 h,conversion_auger_electron,2.39,,,12.2
81Rb,4.576 h,conversion_auger_electron,1.93,,,12.4
81Rb,4.576 h,conversion_auger_electron,3.45,,,12.4
81Rb,4.576 h,conversion_auger_electron,25.69,,,176
81Rb,4.576 h,conversion_auger_electron,2.4,,,188.4
81Rb,4.576 h,conversion_auger_electron,1,,,188.6
81Rb,continued,gamma_xray,16.73,,,12.6
81Rb,continued,gamma_xray,32.35,,,12.7
81Rb,continued,gamma_xray,2.54,,,14.1
81Rb,continued,gamma_xray,4.95,,,14.1
81Rb,continued,gamma_xray,64.03,,,190.3
81Rb,continued,gamma_xray,23.2,,,446.1
81Rb,continued,gamma_xray,3.02,,,456.7
81Rb,continued,gamma_xray,5.34,,,510.5
81Rb,continued,gamma_xray,57.05,,,511
81Rb,continued,gamma_xray,2.23,,,537.6
84Rb,32.87 d,positron,12.41,338.5,776.7,
84Rb,32.87 d,positron,13.51,756.3,1658.1,
84Rb,32.87 d,beta,4,331.2,890,
84Rb,32.87 d,conversion_auger_electron,1.16,,,10.4
84Rb,32.87 d,conversion_auger_electron,2.52,,,10.6
84Rb,32.87 d,conversion_auger_electron,1.47,,,10.7
84Rb,32.87 d,conversion_auger_electron,7.82,,,10.8
84Rb,32.87 d,conversion_auger_electron,2.24,,,10.9
84Rb,32.87 d,conversion_auger_electron,1.65,,,12.2
84Rb,32.87 d,conversion_auger_electron,1.34,,,12.4
84Rb,32.87 d,conversion_auger_electron,2.4,,,12.4
84Rb,32.87 d,gamma_xray,11.6,,,12.6
84Rb,32.87 d,gamma_xray,22.44,,,12.7
84Rb,32.87 d,gamma_xray,1.76,,,14.1
84Rb,32.87 d,gamma_xray,3.43,,,14.1
84Rb,32.87 d,gamma_xray,51.82,,,511
84Rb,32.87 d,gamma_xray,67.87,,,881.5
86Rb,18.66 d,beta,8.78,232.6,698,
86Rb,18.66 d,beta,91.22,709.4,1774.6,
86Rb,18.66 d,gamma_xray,8.78,,,1076.6
85Sr,64.84 d,conversion_auger_electron,1.57,,,11
85Sr,64.84 d,conversion_auger_electron,3.29,,,11.2
85Sr,64.84 d,conversion_auger_electron,2.02,,,11.3
85Sr,64.84 d,conversion_auger_electron,10.21,,,11.4
85Sr,64.84 d,conversion_auger_electron,3.09,,,11.5
85Sr,64.84 d,conversion_auger_electron,2.26,,,12.9
85Sr,64.84 d,conversion_auger_electron,1.82,,,13.1
85Sr,64.84 d,conversion_auger_electron,3.24,,,13.1
85Sr,64.84 d,gamma_xray,17.1,,,13.3
85Sr,64.84 d,gamma_xray,32.98,,,13.4
85Sr,64.84 d,gamma_xray,2.64,,,15
85Sr,64.84 d,gamma_xray,5.15,,,15
85Sr,64.84 d,gamma_xray,98.3,,,514
87mSr,2.81 h,conversion_auger_electron,1.6,,,12.1
87mSr,2.81 h,conversion_auger_electron,15.02,,,372.3
87mSr,2.81 h,conversion_auger_electron,1.78,,,386.2
87mSr,2.81 h,gamma_xray,3.01,,,14.1
87mSr,2.81 h,gamma_xray,5.79,,,14.2
87mSr,2.81 h,gamma_xray,82.26,,,388.4
89Sr,50.5 d,beta,99.99,583.3,1492.1,
90Sr,29.12 y,beta,100,195.7,546,
90Y,64.0 h,beta,99.98,934.8,2284,
91Y,58.51 d,beta,99.7,603.7,1543,
95Zr,64.02 d,beta,54.59,109.2,366.4,
95Zr,64.02 d,beta,44.2,120.4,398.9,
95Zr,64.02 d,beta,1.11,327,887.4,
95Zr,64.02 d,gamma_xray,44.14,,,724.2
95Zr,64.02 d,gamma_xray,54.5,,,756.7
95mNb,86.6 h,beta,2.31,334.9,957.2,
95mNb,86.6 h,beta,3.22,437.7,1161.3,
95mNb,86.6 h,conversion_auger_electron,1.45,,,13.7
95mNb,86.6 h,conversion_auger_electron,1.04,,,13.8
95mNb,86.6 h,conversion_auger_electron,4.42,,,14
95mNb,86.6 h,conversion_auger_electron,1.58,,,14.1
95mNb,86.6 h,conversion_auger_electron,1.14,,,15.9
95mNb,86.6 h,conversion_auger_electron,1.61,,,16.2
95mNb,86.6 h,conversion_auger_electron,54.39,,,216.7
95mNb,86.6 h,conversion_auger_electron,7.41,,,233
95mNb,86.6 h,conversion_auger_electron,1.23,,,233.2
95mNb,86.6 h,conversion_auger_electron,2.23,,,233.3
95mNb,86.6 h,conversion_auger_electron,2,,,235.3
95mNb,86.6 h,gamma_xray,11.71,,,16.5
95mNb,86.6 h,gamma_xray,22.35,,,16.6
95mNb,86.6 h,gamma_xray,1.99,,,18.6
95mNb,86.6 h,gamma_xray,3.73,,,18.6
95mNb,86.6 h,gamma_xray,2.24,,,204.1
95mNb,86.6 h,gamma_xray,24.07,,,235.7
95Nb,35.02 d,beta,99.95,43.3,159.7,
95Nb,35.02 d,gamma_xray,99.79,,,765.8
99Mo,65.94 h,beta,16.39,133,436.3,
99Mo,65.94 h,beta,1.13,289.6,847.9,
99Mo,65.94 h,beta,81.86,442.7,1214.3,
99Mo,65.94 h,conversion_auger_electron,3.44,,,19.5
99Mo,65.94 h,gamma_xray,1.06,,,18.3
99Mo,65.94 h,gamma_xray,2.01,,,18.4
99Mo,65.94 h,gamma_xray,1.05,,,40.6
99Mo,65.94 h,gamma_xray,4.52,,,140.5
99Mo,65.94 h,gamma_xray,6.08,,,181.1
99Mo,65.94 h,gamma_xray,1.15,,,366.4
99Mo,65.94 h,gamma_xray,12.13,,,739.6
99Mo,65.94 h,gamma_xray,4.34,,,778
99mTc,6.01 h,conversion_auger_electron,8.84,,,119.5
99mTc,continued,gamma_xray,2.1,,,18.3
99mTc,continued,gamma_xray,3.99,,,18.4
99mTc,continued,gamma_xray,89.06,,,140.5
103Ru,39.26 d,beta,6.61,30.8,116.1,
103Ru,39.26 d,beta,92.18,64.2,229.4,
103Ru,39.26 d,gamma_xray,90.9,,,497.1
103Ru,39.26 d,gamma_xray,5.73,,,610.3
106Ru,368.2 d,beta,100,10,39.4,
103mRh,56.114 min,conversion_auger_electron,9.54,,,16.5
103mRh,56.114 min,conversion_auger_electron,29.34,,,36.6
103mRh,56.114 min,conversion_auger_electron,41.4,,,36.8
103mRh,56.114 min,conversion_auger_electron,14.39,,,39.3
103mRh,56.114 min,conversion_auger_electron,2.48,,,39.8
103mRh,56.114 min,gamma_xray,2.2,,,20.1
103mRh,56.114 min,gamma_xray,4.17,,,20.2
106Rh,29.9 s,beta,1.7,779.2,1978.1,
106Rh,29.9 s,beta,9.69,976.1,2406.4,
106Rh,29.9 s,beta,8.39,1266.5,3028.2,
106Rh,29.9 s,beta,78.84,1508,3540,
106Rh,29.9 s,gamma_xray,20.6,,,511.8
106Rh,29.9 s,gamma_xray,9.81,,,621.8
106Rh,29.9 s,gamma_xray,1.46,,,1050.1
110mAg,249.9 d,beta,67.49,21.8,83.9,
110mAg,249.9 d,beta,30.59,165.5,530.7,
110mAg,249.9 d,gamma_xray,3.66,,,446.8
110mAg,249.9 d,gamma_xray,2.78,,,620.3
110mAg,249.9 d,gamma_xray,94.74,,,657.7
110mAg,249.9 d,gamma_xray,10.72,,,677.6
110mAg,249.9 d,gamma_xray,6.49,,,687
110mAg,249.9 d,gamma_xray,16.74,,,706.7
110mAg,249.9 d,gamma_xray,4.66,,,744.3
110mAg,249.9 d,gamma_xray,22.36,,,763.9
110mAg,249.9 d,gamma_xray,7.32,,,818
110mAg,249.9 d,gamma_xray,72.86,,,884.7
110mAg,249.9 d,gamma_xray,34.32,,,937.5
110mAg,249.9 d,gamma_xray,24.35,,,1384.3
110mAg,249.9 d,gamma_xray,3.99,,,1475.8
110mAg,249.9 d,gamma_xray,13.11,,,1505
110mAg,249.9 d,gamma_xray,1.18,,,1562.3
110Ag,24.6 s,beta,4.4,893.9,2235.1,
110Ag,24.6 s,beta,95.21,1199.1,2892.8,
110Ag,24.6 s,gamma_xray,4.5,,,657.7
109Cd,462.9 d,conversion_auger_electron,1.29,,,17.8
109Cd,462.9 d,conversion_auger_electron,2.04,,,18.1
109Cd,462.9 d,conversion_auger_electron,1.72,,,18.3
109Cd,462.9 d,conversion_auger_electron,5.89,,,18.5
109Cd,462.9 d,conversion_auger_electron,2.4,,,18.7
109Cd,462.9 d,conversion_auger_electron,1.87,,,21.1
109Cd,462.9 d,conversion_auger_electron,1.46,,,21.4
109Cd,462.9 d,conversion_auger_electron,2.52,,,21.6
109Cd,462.9 d,conversion_auger_electron,41.77,,,62.5
109Cd,462.9 d,conversion_auger_electron,3.26,,,84.2
109Cd,462.9 d,conversion_auger_electron,18.86,,,84.5
109Cd,462.9 d,conversion_auger_electron,21.93,,,84.7
109Cd,462.9 d,conversion_auger_electron,8.95,,,87.5
109Cd,462.9 d,conversion_auger_electron,1.61,,,88
109Cd,462.9 d,gamma_xray,28.47,,,22
109Cd,462.9 d,gamma_xray,53.66,,,22.2
109Cd,462.9 d,gamma_xray,4.95,,,24.9
109Cd,462.9 d,gamma_xray,9.66,,,24.9
109Cd,462.9 d,gamma_xray,2.71,,,25.5
109Cd,462.9 d,gamma_xray,3.61,,,88
111In,2.83 d,conversion_auger_electron,1.01,,,18.6
111In,2.83 d,conversion_auger_electron,1.57,,,18.9
111In,2.83 d,conversion_auger_electron,1.34,,,19
111In,2.83 d,conversion_auger_electron,4.48,,,19.3
111In,2.83 d,conversion_auger_electron,1.85,,,19.5
111In,2.83 d,conversion_auger_electron,1.46,,,22
111In,2.83 d,conversion_auger_electron,1.13,,,22.3
111In,2.83 d,conversion_auger_electron,1.96,,,22.5
111In,2.83 d,conversion_auger_electron,8.41,,,144.6
111In,2.83 d,conversion_auger_electron,5.04,,,218.6
111In,2.83 d,gamma_xray,23.61,,,23
111In,2.83 d,gamma_xray,44.38,,,23.2
111In,2.83 d,gamma_xray,4.15,,,26.1
111In,2.83 d,gamma_xray,8.08,,,26.1
111In,2.83 d,gamma_xray,2.35,,,26.6
111In,2.83 d,gamma_xray,90.24,,,171.3
111In,2.83 d,gamma_xray,94,,,245.4
113mIn,1.658 h,conversion_auger_electron,1.21,,,20.1
113mIn,1.658 h,conversion_auger_electron,28.8,,,363.7
113mIn,1.658 h,conversion_auger_electron,4.09,,,387.5
113mIn,1.658 h,conversion_auger_electron,1.13,,,391
113mIn,1.658 h,gamma_xray,6.99,,,24
113mIn,1.658 h,gamma_xray,13.12,,,24.2
113mIn,1.658 h,gamma_xray,1.24,,,27.2
113mIn,1.658 h,gamma_xray,2.4,,,27.3
113mIn,1.658 h,gamma_xray,64.23,,,391.7
115mIn,4.486 h,beta,4.95,279.3,831.2,
115mIn,4.486 h,conversion_auger_electron,1.65,,,20.1
115mIn,4.486 h,conversion_auger_electron,39.29,,,308.3
115mIn,4.486 h,conversion_auger_electron,5.78,,,332
115mIn,4.486 h,conversion_auger_electron,1.51,,,332.5
115mIn,4.486 h,conversion_auger_electron,1.69,,,335.6
115mIn,4.486 h,gamma_xray,9.54,,,24
115mIn,4.486 h,gamma_xray,17.9,,,24.2
115mIn,4.486 h,gamma_xray,1.69,,,27.2
115mIn,4.486 h,gamma_xray,3.28,,,27.3
115mIn,4.486 h,gamma_xray,45.37,,,336.2
125Sb,2.77 y,beta,13.54,25,95.4,
125Sb,2.77 y,beta,5.72,33.1,124.8,
125Sb,2.77 y,beta,18.15,34.8,130.8,
125Sb,2.77 y,beta,1.5,67.6,241.8,
125Sb,2.77 y,beta,40.32,87,303.5,
125Sb,2.77 y,beta,7.22,134.6,445.9,
125Sb,2.77 y,beta,13.54,215.5,622.2,
125Sb,2.77 y,conversion_auger_electron,1.8,,,22.7
125Sb,2.77 y,conversion_auger_electron,6.17,,,30.5
125Sb,2.77 y,conversion_auger_electron,1.35,,,34.6
125Sb,continued,gamma_xray,13.43,,,27.2
125Sb,continued,gamma_xray,25.01,,,27.5
125Sb,continued,gamma_xray,2.43,,,30.9
125Sb,continued,gamma_xray,4.73,,,31
125Sb,continued,gamma_xray,1.45,,,31.7
125Sb,continued,gamma_xray,4.31,,,35.5
125Sb,continued,gamma_xray,6.7,,,176.3
125Sb,continued,gamma_xray,1.5,,,380.5
125Sb,continued,gamma_xray,29.5,,,427.9
125Sb,continued,gamma_xray,10.33,,,463.4
125Sb,continued,gamma_xray,17.64,,,600.6
125Sb,continued,gamma_xray,4.84,,,606.7
125Sb,continued,gamma_xray,11.33,,,636
125Sb,continued,gamma_xray,1.72,,,671.5
123I,13.2 h,conversion_auger_electron,1.24,,,22.1
123I,13.2 h,conversion_auger_electron,1.1,,,22.4
123I,13.2 h,conversion_auger_electron,3.3,,,22.7
123I,13.2 h,conversion_auger_electron,1.42,,,23
123I,13.2 h,conversion_auger_electron,1.19,,,26
123I,13.2 h,conversion_auger_electron,1.57,,,26.6
123I,13.2 h,conversion_auger_electron,13.62,,,127.2
123I,13.2 h,conversion_auger_electron,1.61,,,154
123I,13.2 h,gamma_xray,24.65,,,27.2
123I,13.2 h,gamma_xray,45.9,,,27.5
123I,13.2 h,gamma_xray,4.46,,,30.9
123I,13.2 h,gamma_xray,8.68,,,31
123I,13.2 h,gamma_xray,2.66,,,31.7
123I,13.2 h,gamma_xray,83.3,,,159
123I,13.2 h,gamma_xray,1.39,,,529
124I,4.18 d,positron,11.29,685.9,1532.3,
124I,4.18 d,positron,11.29,973.6,2135,
124I,4.18 d,conversion_auger_electron,2.2,,,22.7
124I,4.18 d,conversion_auger_electron,1.05,,,26.6
124I,4.18 d,gamma_xray,16.47,,,27.2
124I,4.18 d,gamma_xray,30.67,,,27.5
124I,4.18 d,gamma_xray,2.98,,,30.9
124I,4.18 d,gamma_xray,5.8,,,31
124I,4.18 d,gamma_xray,1.78,,,31.7
124I,4.18 d,gamma_xray,45.73,,,511
124I,4.18 d,gamma_xray,60.5,,,602.7
124I,4.18 d,gamma_xray,9.98,,,722.8
124I,4.18 d,gamma_xray,1.43,,,1325.5
124I,4.18 d,gamma_xray,1.66,,,1376
124I,4.18 d,gamma_xray,2.99,,,1509.5
124I,4.18 d,gamma_xray,10.41,,,1691
125I,60.14 d,conversion_auger_electron,1.37,,,21.8
125I,60.14 d,conversion_auger_electron,2,,,22.1
125I,60.14 d,conversion_auger_electron,1.78,,,22.4
125I,60.14 d,conversion_auger_electron,5.31,,,22.7
125I,60.14 d,conversion_auger_electron,2.28,,,23
125I,60.14 d,conversion_auger_electron,1.92,,,26
125I,60.14 d,conversion_auger_electron,1.5,,,26.3
125I,60.14 d,conversion_auger_electron,2.54,,,26.6
125I,60.14 d,conversion_auger_electron,9.49,,,30.6
125I,60.14 d,conversion_auger_electron,2.13,,,34.7
125I,60.14 d,gamma_xray,39.71,,,27.2
125I,60.14 d,gamma_xray,73.95,,,27.5
125I,60.14 d,gamma_xray,7.19,,,30.9
125I,60.14 d,gamma_xray,13.98,,,31
125I,60.14 d,gamma_xray,4.29,,,31.7
125I,60.14 d,gamma_xray,6.65,,,35.5
131I,8.04 d,beta,2.13,69.4,247.9,
131I,8.04 d,beta,7.36,96.6,333.8,
131I,8.04 d,beta,89.41,191.5,606.3,
131I,8.04 d,conversion_auger_electron,3.63,,,45.6
131I,8.04 d,conversion_auger_electron,1.55,,,329.9
131I,8.04 d,gamma_xray,1.4,,,29.5
131I,8.04 d,gamma_xray,2.59,,,29.8
131I,8.04 d,gamma_xray,2.62,,,80.2
131I,8.04 d,gamma_xray,6.06,,,284.3
131I,8.04 d,gamma_xray,81.24,,,364.5
131I,8.04 d,gamma_xray,7.27,,,637
131I,8.04 d,gamma_xray,1.8,,,722.9
133I,20.8 h,beta,1.24,109.8,373.8,
133I,20.8 h,beta,3.74,139.7,461.8,
133I,20.8 h,beta,3.12,161.5,523.6,
133I,20.8 h,beta,4.15,298.5,884.7,
133I,20.8 h,beta,1.81,351.6,1016.2,
133I,20.8 h,beta,83.52,440.6,1230.1,
133I,20.8 h,beta,1.07,573.2,1526.8,
133I,20.8 h,gamma_xray,1.81,,,510.5
133I,20.8 h,gamma_xray,86.31,,,529.9
133I,20.8 h,gamma_xray,1.49,,,706.6
133I,20.8 h,gamma_xray,1.23,,,856.3
133I,20.8 h,gamma_xray,4.47,,,875.3
133I,20.8 h,gamma_xray,1.49,,,1236.4
133I,20.8 h,gamma_xray,2.33,,,1298.2
135I,6.61 h,beta,1.04,86.4,302.4,
135I,6.61 h,beta,1.41,103.1,353.8,
135I,6.61 h,beta,4.79,137.5,455.5,
135I,6.61 h,beta,7.42,145.4,478,
135I,6.61 h,beta,1.59,195.9,618.1,
135I,6.61 h,beta,1.11,213.4,665.1,
135I,6.61 h,beta,8,242.9,742.7,
135I,6.61 h,beta,8.81,312.5,919.8,
135I,6.61 h,beta,21.77,358.4,1032.9,
135I,6.61 h,beta,8.1,405.1,1145.7,
135I,6.61 h,beta,7.7,450.4,1253.4,
135I,6.61 h,beta,24.1,534.9,1450.6,
135I,6.61 h,beta,1.11,591.1,1579.5,
135I,continued,gamma_xray,1.75,,,220.5
135I,continued,gamma_xray,3.09,,,288.5
135I,continued,gamma_xray,3.52,,,417.6
135I,continued,gamma_xray,7.13,,,546.6
135I,continued,gamma_xray,6.67,,,836.8
135I,continued,gamma_xray,1.2,,,972.6
135I,continued,gamma_xray,7.93,,,1038.8
135I,continued,gamma_xray,1.6,,,1101.6
135I,continued,gamma_xray,3.61,,,1124
135I,continued,gamma_xray,22.53,,,1131.5
135I,continued,gamma_xray,28.63,,,1260.4
135I,continued,gamma_xray,8.65,,,1457.6
135I,continued,gamma_xray,1.07,,,1502.8
135I,continued,gamma_xray,1.29,,,1566.4
135I,continued,gamma_xray,9.53,,,1678
135I,continued,gamma_xray,4.09,,,1706.5
135I,continued,gamma_xray,7.7,,,1791.2
127Xe,36.4 d,conversion_auger_electron,1.18,,,23
127Xe,36.4 d,conversion_auger_electron,1.06,,,23.3
127Xe,36.4 d,conversion_auger_electron,3.08,,,23.6
127Xe,36.4 d,conversion_auger_electron,1.33,,,23.9
127Xe,36.4 d,conversion_auger_electron,3.93,,,24.4
127Xe,36.4 d,conversion_auger_electron,1.15,,,27.1
127Xe,36.4 d,conversion_auger_electron,1.5,,,27.7
127Xe,36.4 d,conversion_auger_electron,1.54,,,112.1
127Xe,36.4 d,conversion_auger_electron,3.65,,,139
127Xe,36.4 d,conversion_auger_electron,6.62,,,169.7
127Xe,36.4 d,gamma_xray,24.98,,,28.3
127Xe,36.4 d,gamma_xray,46.43,,,28.6
127Xe,36.4 d,gamma_xray,4.55,,,32.2
127Xe,36.4 d,gamma_xray,8.82,,,32.3
127Xe,36.4 d,gamma_xray,2.83,,,33.1
127Xe,36.4 d,gamma_xray,1.23,,,57.6
127Xe,36.4 d,gamma_xray,4.29,,,145.3
127Xe,36.4 d,gamma_xray,25.54,,,172.1
127Xe,36.4 d,gamma_xray,68.3,,,202.9
127Xe,36.4 d,gamma_xray,17.21,,,375
133mXe,2.188 d,conversion_auger_electron,1.83,,,24.5
133mXe,2.188 d,conversion_auger_electron,63.51,,,198.6
133mXe,2.188 d,conversion_auger_electron,11.87,,,227.7
133mXe,2.188 d,conversion_auger_electron,2.56,,,228.1
133mXe,2.188 d,conversion_auger_electron,6.26,,,228.4
133mXe,2.188 d,conversion_auger_electron,4.57,,,232.2
133mXe,2.188 d,conversion_auger_electron,1.23,,,233.2
133mXe,2.188 d,gamma_xray,16.05,,,29.5
133mXe,2.188 d,gamma_xray,29.78,,,29.8
133mXe,2.188 d,gamma_xray,2.94,,,33.6
133mXe,2.188 d,gamma_xray,5.72,,,33.6
133mXe,2.188 d,gamma_xray,1.91,,,34.4
133mXe,2.188 d,gamma_xray,9.99,,,233.2
133Xe,5.245 d,beta,99.33,100.5,346,
133Xe,5.245 d,conversion_auger_electron,1.44,,,25.5
133Xe,5.245 d,conversion_auger_electron,53.54,,,45
133Xe,5.245 d,conversion_auger_electron,6.52,,,75.3
133Xe,5.245 d,conversion_auger_electron,1.45,,,80
133Xe,5.245 d,gamma_xray,13.71,,,30.6
133Xe,5.245 d,gamma_xray,25.34,,,31
133Xe,5.245 d,gamma_xray,2.52,,,34.9
133Xe,5.245 d,gamma_xray,4.89,,,35
133Xe,5.245 d,gamma_xray,1.7,,,35.8
133Xe,5.245 d,gamma_xray,37.42,,,81
135mXe,continued,conversion_auger_electron,15.59,,,492
135mXe,continued,conversion_auger_electron,2.26,,,521.1
135mXe,continued,gamma_xray,3.94,,,29.5
135mXe,continued,gamma_xray,7.31,,,29.8
135mXe,continued,gamma_xray,1.4,,,33.6
135mXe,continued,gamma_xray,80.66,,,526.6
135Xe,9.09 h,beta,3.12,170.7,549.8,
135Xe,9.09 h,beta,96,307.4,908.2,
135Xe,9.09 h,conversion_auger_electron,5.64,,,213.8
135Xe,9.09 h,gamma_xray,1.46,,,30.6
135Xe,9.09 h,gamma_xray,2.7,,,31
135Xe,9.09 h,gamma_xray,90.13,,,249.8
135Xe,9.09 h,gamma_xray,2.9,,,608.2
138Xe,14.17 min,beta,3.06,150.2,492.4,
138Xe,14.17 min,beta,9.46,176.9,566.9,
138Xe,14.17 min,beta,32.55,266,803.3,
138Xe,14.17 min,beta,20.01,948.9,2379.8,
138Xe,14.17 min,beta,13.34,966.2,2417.9,
138Xe,14.17 min,beta,5.57,1036.7,2571.6,
138Xe,14.17 min,beta,4.98,1139.5,2819.2,
138Xe,14.17 min,beta,8.96,1148.5,2814.3,
138Xe,continued,conversion_auger_electron,2.56,,,10.9
138Xe,continued,conversion_auger_electron,1.74,,,117.8
138Xe,continued,conversion_auger_electron,1.8,,,222.3
138Xe,continued,gamma_xray,1.15,,,30.6
138Xe,continued,gamma_xray,2.12,,,31
138Xe,continued,gamma_xray,5.95,,,153.7
138Xe,continued,gamma_xray,3.5,,,242.6
138Xe,continued,gamma_xray,31.5,,,258.3
138Xe,continued,gamma_xray,6.3,,,396.4
138Xe,continued,gamma_xray,2.17,,,401.4
138Xe,continued,gamma_xray,20.32,,,434.5
138Xe,continued,gamma_xray,1.47,,,1114.3
138Xe,continued,gamma_xray,16.73,,,1768.3
138Xe,continued,gamma_xray,1.42,,,1850.9
138Xe,continued,gamma_xray,5.35,,,2004.7
138Xe,continued,gamma_xray,12.25,,,2015.8
138Xe,continued,gamma_xray,1.44,,,2079.2
138Xe,continued,gamma_xray,2.29,,,2252.3
129Cs,32.06 h,conversion_auger_electron,1.33,,,23.9
129Cs,32.06 h,conversion_auger_electron,1.19,,,24.2
129Cs,32.06 h,conversion_auger_electron,3.38,,,24.5
129Cs,32.06 h,conversion_auger_electron,1.47,,,24.9
129Cs,32.06 h,conversion_auger_electron,1.29,,,28.1
129Cs,32.06 h,conversion_auger_electron,1.68,,,28.8
129Cs,32.06 h,conversion_auger_electron,3.81,,,34.1
129Cs,32.06 h,gamma_xray,29.74,,,29.5
129Cs,32.06 h,gamma_xray,55.18,,,29.8
129Cs,32.06 h,gamma_xray,5.45,,,33.6
129Cs,32.06 h,gamma_xray,10.6,,,33.6
129Cs,32.06 h,gamma_xray,3.53,,,34.4
129Cs,32.06 h,gamma_xray,2.99,,,39.6
129Cs,32.06 h,gamma_xray,1.33,,,278.6
129Cs,32.06 h,gamma_xray,2.46,,,318.2
129Cs,32.06 h,gamma_xray,30.8,,,371.9
129Cs,32.06 h,gamma_xray,22.45,,,411.5
129Cs,32.06 h,gamma_xray,3.42,,,548.9
130Cs,29.9 min,positron,44.02,893,1988,
130Cs,29.9 min,conversion_auger_electron,1.36,,,24.5
130Cs,29.9 min,gamma_xray,11.95,,,29.5
130Cs,29.9 min,gamma_xray,22.16,,,29.8
130Cs,29.9 min,gamma_xray,2.19,,,33.6
130Cs,29.9 min,gamma_xray,4.26,,,33.6
130Cs,29.9 min,gamma_xray,1.42,,,34.4
130Cs,29.9 min,gamma_xray,89.29,,,511
130Cs,29.9 min,gamma_xray,4.1,,,536.1
131Cs,9.69 d,conversion_auger_electron,2.39,,,24.5
131Cs,9.69 d,conversion_auger_electron,1.04,,,24.9
131Cs,9.69 d,conversion_auger_electron,1.19,,,28.8
131Cs,9.69 d,gamma_xray,21.02,,,29.5
131Cs,9.69 d,gamma_xray,38.99,,,29.8
131Cs,9.69 d,gamma_xray,3.85,,,33.6
131Cs,9.69 d,gamma_xray,7.49,,,33.6
131Cs,9.69 d,gamma_xray,2.5,,,34.4
134mCs,2.91 h,conversion_auger_electron,16.03,,,10.2
134mCs,2.91 h,conversion_auger_electron,3.92,,,11.2
134mCs,2.91 h,conversion_auger_electron,35.18,,,91.5
134mCs,2.91 h,conversion_auger_electron,3.01,,,121.8
134mCs,2.91 h,conversion_auger_electron,19.6,,,122.1
134mCs,2.91 h,conversion_auger_electron,18.33,,,122.5
134mCs,2.91 h,conversion_auger_electron,9.13,,,126.5
134mCs,2.91 h,conversion_auger_electron,2.3,,,127.5
134mCs,continued,gamma_xray,9.03,,,30.6
134mCs,continued,gamma_xray,16.68,,,31
134mCs,continued,gamma_xray,1.66,,,34.9
134mCs,continued,gamma_xray,3.22,,,35
134mCs,continued,gamma_xray,1.12,,,35.8
134mCs,continued,gamma_xray,12.7,,,127.5
134Cs,2.062 y,beta,27.28,23.1,88.6,
134Cs,2.062 y,beta,2.47,123.4,415.2,
134Cs,2.062 y,beta,69.8,210.1,657.9,
134Cs,2.062 y,gamma_xray,1.46,,,475.4
134Cs,2.062 y,gamma_xray,8.38,,,563.2
134Cs,2.062 y,gamma_xray,15.43,,,569.3
134Cs,2.062 y,gamma_xray,97.56,,,604.7
134Cs,2.062 y,gamma_xray,85.44,,,795.8
134Cs,2.062 y,gamma_xray,8.73,,,801.9
134Cs,2.062 y,gamma_xray,1.8,,,1167.9
134Cs,2.062 y,gamma_xray,3.04,,,1365.2
137Cs,30.0 y,beta,94.43,173.4,511.5,
137Cs,30.0 y,beta,5.57,424.6,1173.2,
131Ba,continued,conversion_auger_electron,1.17,,,24.8
131Ba,continued,conversion_auger_electron,1.05,,,25.1
131Ba,continued,conversion_auger_electron,2.92,,,25.5
131Ba,continued,conversion_auger_electron,1.27,,,25.8
131Ba,continued,conversion_auger_electron,1.14,,,29.2
131Ba,continued,conversion_auger_electron,1.48,,,29.9
131Ba,continued,conversion_auger_electron,1.17,,,42.8
131Ba,continued,conversion_auger_electron,18.13,,,87.8
131Ba,continued,conversion_auger_electron,1.69,,,118.1
131Ba,continued,conversion_auger_electron,2.08,,,118.4
131Ba,continued,conversion_auger_electron,2.23,,,118.8
131Ba,continued,conversion_auger_electron,1.28,,,122.8
131Ba,continued,conversion_auger_electron,1.83,,,180.1
131Ba,continued,gamma_xray,27.72,,,30.6
131Ba,continued,gamma_xray,51.24,,,31
131Ba,continued,gamma_xray,5.1,,,34.9
131Ba,continued,gamma_xray,9.89,,,35
131Ba,continued,gamma_xray,3.43,,,35.8
131Ba,continued,gamma_xray,29.05,,,123.8
131Ba,continued,gamma_xray,2.19,,,133.6
131Ba,continued,gamma_xray,19.9,,,216.1
131Ba,continued,gamma_xray,2.41,,,239.6
131Ba,continued,gamma_xray,2.81,,,249.4
131Ba,continued,gamma_xray,13.33,,,373.3
131Ba,continued,gamma_xray,1.29,,,404
131Ba,continued,gamma_xray,1.89,,,486.5
131Ba,continued,gamma_xray,43.78,,,496.3
131Ba,continued,gamma_xray,1.23,,,585
131Ba,continued,gamma_xray,1.57,,,620
131Ba,continued,gamma_xray,1.19,,,1047.6
133mBa,38.9 h,conversion_auger_electron,15.85,,,11.2
133mBa,38.9 h,conversion_auger_electron,5.36,,,12.3
133mBa,38.9 h,conversion_auger_electron,1.47,,,26.4
133mBa,38.9 h,conversion_auger_electron,59.24,,,238.6
133mBa,38.9 h,conversion_auger_electron,10.87,,,270.1
133mBa,38.9 h,conversion_auger_electron,2.31,,,270.5
133mBa,38.9 h,conversion_auger_electron,4.88,,,270.8
133mBa,38.9 h,conversion_auger_electron,4.04,,,275
133mBa,38.9 h,conversion_auger_electron,1.16,,,276.1
133mBa,continued,gamma_xray,1.39,,,12.3
133mBa,continued,gamma_xray,15.18,,,31.8
133mBa,continued,gamma_xray,27.95,,,32.2
133mBa,continued,gamma_xray,2.8,,,36.3
133mBa,continued,gamma_xray,5.42,,,36.4
133mBa,continued,gamma_xray,1.96,,,37.3
133mBa,continued,gamma_xray,17.51,,,276.1
135mBa,28.7 h,conversion_auger_electron,1.5,,,26.4
135mBa,28.7 h,conversion_auger_electron,60.16,,,230.8
135mBa,28.7 h,conversion_auger_electron,11.17,,,262.2
135mBa,28.7 h,conversion_auger_electron,2.39,,,262.6
135mBa,28.7 h,conversion_auger_electron,5.22,,,263
135mBa,28.7 h,conversion_auger_electron,4.21,,,267.2
135mBa,28.7 h,conversion_auger_electron,1.21,,,268.2
135mBa,28.7 h,gamma_xray,15.41,,,31.8
135mBa,28.7 h,gamma_xray,28.39,,,32.2
135mBa,28.7 h,gamma_xray,2.84,,,36.3
135mBa,28.7 h,gamma_xray,5.51,,,36.4
135mBa,28.7 h,gamma_xray,1.99,,,37.3
135mBa,28.7 h,gamma_xray,15.64,,,268.2
137mBa,2.552 min,conversion_auger_electron,8.32,,,624.2
137mBa,2.552 min,conversion_auger_electron,1.19,,,655.7
137mBa,2.552 min,gamma_xray,2.13,,,31.8
137mBa,2.552 min,gamma_xray,3.92,,,32.2
137mBa,2.552 min,gamma_xray,89.78,,,661.6
140Ba,12.74 d,beta,24.6,136.5,453.9,
140Ba,12.74 d,beta,9.82,176.6,567.4,
140Ba,12.74 d,beta,3.8,305.6,872.4,
140Ba,12.74 d,beta,38.86,339.6,991.2,
140Ba,12.74 d,beta,22.92,356.9,1005,
140Ba,12.74 d,conversion_auger_electron,10.82,,,12.7
140Ba,12.74 d,conversion_auger_electron,2.57,,,13.9
140Ba,12.74 d,conversion_auger_electron,53.82,,,23.7
140Ba,12.74 d,conversion_auger_electron,5.62,,,24.1
140Ba,12.74 d,conversion_auger_electron,2.45,,,24.5
140Ba,12.74 d,conversion_auger_electron,12.8,,,28.8
140Ba,12.74 d,conversion_auger_electron,3.45,,,30
140Ba,12.74 d,conversion_auger_electron,1.48,,,123.7
140Ba,12.74 d,gamma_xray,1.22,,,13.9
140Ba,12.74 d,gamma_xray,13.78,,,30
140Ba,12.74 d,gamma_xray,1.01,,,33.4
140Ba,12.74 d,gamma_xray,6.21,,,162.6
140Ba,12.74 d,gamma_xray,4.3,,,304.9
140Ba,12.74 d,gamma_xray,3.15,,,423.7
140Ba,12.74 d,gamma_xray,1.93,,,437.6
140Ba,12.74 d,gamma_xray,24.39,,,537.3
140La,40.272 h,beta,11.12,440.8,1238.2,
140La,40.272 h,beta,5.71,443.2,1243.9,
140La,40.272 h,beta,5.61,465,1295.7,
140La,40.272 h,beta,44.87,487.1,1347.7,
140La,40.272 h,beta,5.11,514.4,1411.8,
140La,40.272 h,beta,20.83,629.2,1676.5,
140La,40.272 h,beta,4.81,845.8,2163.5,
140La,continued,gamma_xray,1.05,,,34.7
140La,continued,gamma_xray,20.74,,,328.8
140La,continued,gamma_xray,2.99,,,432.5
140La,continued,gamma_xray,45.94,,,487
140La,continued,gamma_xray,4.41,,,751.8
140La,continued,gamma_xray,23.64,,,815.8
140La,continued,gamma_xray,5.59,,,867.8
140La,continued,gamma_xray,2.68,,,919.6
140La,continued,gamma_xray,7.05,,,925.2
140La,continued,gamma_xray,95.4,,,1596.5
140La,continued,gamma_xray,3.43,,,2521.7
141Ce,32.50 d,beta,70.2,130,435.9,
141Ce,32.50 d,beta,29.8,181.1,581.3,
141Ce,32.50 d,conversion_auger_electron,18.71,,,103.5
141Ce,32.50 d,conversion_auger_electron,2.35,,,138.6
141Ce,32.50 d,gamma_xray,4.86,,,35.6
141Ce,32.50 d,gamma_xray,8.87,,,36
141Ce,32.50 d,gamma_xray,1.76,,,40.7
141Ce,32.50 d,gamma_xray,48.2,,,145.4
144Ce,284.3 d,beta,19.58,49.4,181.9,
144Ce,284.3 d,beta,4.6,65.3,235.3,
144Ce,284.3 d,beta,75.82,90.2,315.4,
144Ce,284.3 d,conversion_auger_electron,3.48,,,38.1
144Ce,284.3 d,conversion_auger_electron,5.33,,,91.5
144Ce,continued,gamma_xray,2.96,,,35.6
144Ce,continued,gamma_xray,5.4,,,36
144Ce,continued,gamma_xray,1.07,,,40.7
144Ce,continued,gamma_xray,1.64,,,80.1
144Ce,continued,gamma_xray,10.8,,,133.5
144Pr,17.28 min,beta,1.08,266.9,811.3,
144Pr,17.28 min,beta,1.17,894.7,2300.5,
144Pr,17.28 min,beta,97.74,1221.7,2997,
144Pr,17.28 min,gamma_xray,1.48,,,696.5
147Pm,2.6234 y,beta,99.99,62,224.7,
169Yb,32.022 d,conversion_auger_electron,7.14,,,10.6
169Yb,32.022 d,conversion_auger_electron,1.89,,,18.9
169Yb,32.022 d,conversion_auger_electron,8.38,,,34.2
169Yb,32.022 d,conversion_auger_electron,1.26,,,39.5
169Yb,32.022 d,conversion_auger_electron,2.09,,,40.9
169Yb,32.022 d,conversion_auger_electron,1.12,,,47.3
169Yb,32.022 d,conversion_auger_electron,1.35,,,48.8
169Yb,32.022 d,conversion_auger_electron,34.85,,,50.4
169Yb,32.022 d,conversion_auger_electron,3.9,,,53
169Yb,32.022 d,conversion_auger_electron,1.43,,,53.5
169Yb,32.022 d,conversion_auger_electron,1.79,,,54.5
169Yb,32.022 d,conversion_auger_electron,1.33,,,58.8
169Yb,32.022 d,conversion_auger_electron,1.58,,,61.2
169Yb,32.022 d,conversion_auger_electron,6.07,,,71.1
169Yb,32.022 d,conversion_auger_electron,1.15,,,83.5
169Yb,32.022 d,conversion_auger_electron,4.78,,,99.7
169Yb,32.022 d,conversion_auger_electron,1.26,,,107.9
169Yb,32.022 d,conversion_auger_electron,10.3,,,117.8
169Yb,32.022 d,conversion_auger_electron,2.44,,,120.9
169Yb,32.022 d,conversion_auger_electron,2.14,,,121.9
169Yb,32.022 d,conversion_auger_electron,1.25,,,128.6
169Yb,32.022 d,conversion_auger_electron,12.79,,,138.6
169Yb,32.022 d,conversion_auger_electron,1.39,,,167.1
169Yb,32.022 d,conversion_auger_electron,1.74,,,187.8
169Yb,32.022 d,gamma_xray,53,,,49.8
169Yb,32.022 d,gamma_xray,93.73,,,50.7
169Yb,32.022 d,gamma_xray,9.94,,,57.3
169Yb,32.022 d,gamma_xray,19.17,,,57.5
169Yb,32.022 d,gamma_xray,8.2,,,59.1
169Yb,32.022 d,gamma_xray,43.74,,,63.1
169Yb,32.022 d,gamma_xray,2.66,,,93.6
169Yb,32.022 d,gamma_xray,17.37,,,109.8
169Yb,32.022 d,gamma_xray,1.88,,,118.2
169Yb,32.022 d,gamma_xray,11.11,,,130.5
169Yb,32.022 d,gamma_xray,21.45,,,177.2
169Yb,32.022 d,gamma_xray,34.94,,,198
169Yb,32.022 d,gamma_xray,1.9,,,261.1
169Yb,32.022 d,gamma_xray,10.8,,,307.7
198Au,2.696 d,beta,1.3,79.4,284.8,
198Au,2.696 d,beta,98.68,314.5,960.7,
198Au,2.696 d,conversion_auger_electron,2.88,,,328.7
198Au,2.696 d,gamma_xray,1.38,,,70.8
198Au,2.696 d,gamma_xray,95.51,,,411.8
198Au,2.696 d,gamma_xray,1.06,,,675.9
197Hg,64.1 h,conversion_auger_electron,8.88,,,11.1
197Hg,64.1 h,conversion_auger_electron,3.57,,,11.2
197Hg,64.1 h,conversion_auger_electron,2.93,,,11.8
197Hg,64.1 h,conversion_auger_electron,1.42,,,13
197Hg,64.1 h,conversion_auger_electron,31.98,,,63
197Hg,64.1 h,conversion_auger_electron,14.91,,,63.6
197Hg,64.1 h,conversion_auger_electron,10.91,,,65.4
197Hg,64.1 h,conversion_auger_electron,14.03,,,74.6
197Hg,64.1 h,conversion_auger_electron,4.39,,,77.3
197Hg,64.1 h,gamma_xray,1.81,,,11.2
197Hg,64.1 h,gamma_xray,12.84,,,11.4
197Hg,64.1 h,gamma_xray,4.39,,,11.6
197Hg,64.1 h,gamma_xray,2.31,,,11.6
197Hg,64.1 h,gamma_xray,2.57,,,13.4
197Hg,64.1 h,gamma_xray,20.47,,,67
197Hg,64.1 h,gamma_xray,34.96,,,68.8
197Hg,64.1 h,gamma_xray,18,,,77.3
197Hg,64.1 h,gamma_xray,4.14,,,77.6
197Hg,64.1 h,gamma_xray,7.94,,,78
197Hg,64.1 h,gamma_xray,3.27,,,80.2
203Hg,46.612 d,beta,100,57.8,212.6,
203Hg,46.612 d,conversion_auger_electron,13.8,,,193.7
203Hg,46.612 d,conversion_auger_electron,2.07,,,263.8
203Hg,46.612 d,conversion_auger_electron,1.05,,,264.5
203Hg,46.612 d,gamma_xray,2.17,,,10.3
203Hg,46.612 d,gamma_xray,1.62,,,12.2
203Hg,46.612 d,gamma_xray,3.86,,,70.8
203Hg,46.612 d,gamma_xray,6.53,,,72.9
203Hg,46.612 d,gamma_xray,1.49,,,82.6
203Hg,46.612 d,gamma_xray,81.46,,,279.2
201Tl,73.1 h,conversion_auger_electron,7.09,,,11.5
201Tl,73.1 h,conversion_auger_electron,3.23,,,11.5
201Tl,73.1 h,conversion_auger_electron,1.55,,,12.1
201Tl,73.1 h,conversion_auger_electron,1.14,,,13.4
201Tl,73.1 h,conversion_auger_electron,7.3,,,15.8
201Tl,73.1 h,conversion_auger_electron,6.28,,,17.4
201Tl,73.1 h,conversion_auger_electron,1.9,,,27.8
201Tl,73.1 h,conversion_auger_electron,1.63,,,29.3
201Tl,73.1 h,conversion_auger_electron,7.47,,,52.2
201Tl,73.1 h,conversion_auger_electron,15.44,,,84.3
201Tl,73.1 h,conversion_auger_electron,1.14,,,120.5
201Tl,73.1 h,conversion_auger_electron,2.35,,,152.6
201Tl,73.1 h,gamma_xray,1.21,,,11.6
201Tl,73.1 h,gamma_xray,10.55,,,11.8
201Tl,73.1 h,gamma_xray,4.19,,,11.9
201Tl,73.1 h,gamma_xray,1.51,,,12
201Tl,73.1 h,gamma_xray,2.15,,,13.8
201Tl,73.1 h,gamma_xray,27.15,,,68.9
201Tl,73.1 h,gamma_xray,46.18,,,70.8
201Tl,73.1 h,gamma_xray,5.48,,,79.8
201Tl,73.1 h,gamma_xray,10.53,,,80.3
201Tl,73.1 h,gamma_xray,4.43,,,82.6
201Tl,73.1 h,gamma_xray,2.65,,,135.3
201Tl,73.1 h,gamma_xray,10,,,167.4
204Tl,3.779 y,beta,97.42,243.9,763.4,
208Tl,3.053 min,beta,3.11,340.9,1033,
208Tl,3.053 min,beta,24.66,439.4,1285.6,
208Tl,3.053 min,beta,21.94,533.2,1518.9,
208Tl,3.053 min,beta,49.01,647.2,1796.3,
208Tl,3.053 min,conversion_auger_electron,1.27,,,10.1
208Tl,3.053 min,conversion_auger_electron,2.84,,,189.4
208Tl,3.053 min,conversion_auger_electron,1.97,,,422.8
208Tl,3.053 min,conversion_auger_electron,1.28,,,495.2
208Tl,3.053 min,gamma_xray,1.23,,,10.6
208Tl,3.053 min,gamma_xray,2.23,,,72.8
208Tl,3.053 min,gamma_xray,3.76,,,75
208Tl,3.053 min,gamma_xray,6.31,,,277.4
208Tl,3.053 min,gamma_xray,22.61,,,510.8
208Tl,3.053 min,gamma_xray,84.48,,,583.2
208Tl,3.053 min,gamma_xray,1.81,,,763.1
208Tl,3.053 min,gamma_xray,12.42,,,860.6
208Tl,3.053 min,gamma_xray,99.16,,,2614.5
210Pb,22.3 y,beta,80,4.14,16.5,
210Pb,22.3 y,beta,20,16.1,63,
210Pb,continued,conversion_auger_electron,8.25,,,10.3
210Pb,continued,conversion_auger_electron,2.94,,,10.6
210Pb,continued,conversion_auger_electron,1.42,,,12.5
210Pb,continued,conversion_auger_electron,2.39,,,12.6
210Pb,continued,conversion_auger_electron,2.14,,,13.3
210Pb,continued,conversion_auger_electron,51.9,,,30.1
210Pb,continued,conversion_auger_electron,5.43,,,30.8
210Pb,continued,conversion_auger_electron,13.6,,,43.3
210Pb,continued,conversion_auger_electron,4.6,,,46.5
210Pb,continued,gamma_xray,8.37,,,10.8
210Pb,continued,gamma_xray,2.13,,,12.7
210Pb,continued,gamma_xray,2.09,,,13
210Pb,continued,gamma_xray,4.11,,,13
210Pb,continued,gamma_xray,2.46,,,13.2
210Pb,continued,gamma_xray,4.05,,,46.5
212Pb,10.64 h,beta,5.08,41.9,157.5,
212Pb,10.64 h,beta,82.98,94.4,334.2,
212Pb,10.64 h,beta,11.77,172.6,572.8,
212Pb,10.64 h,conversion_auger_electron,5.76,,,10.3
212Pb,10.64 h,conversion_auger_electron,2.19,,,12.6
212Pb,10.64 h,conversion_auger_electron,3.42,,,24.7
212Pb,10.64 h,conversion_auger_electron,32.32,,,148.1
212Pb,10.64 h,conversion_auger_electron,1.29,,,209.6
212Pb,10.64 h,conversion_auger_electron,5.04,,,222.2
212Pb,10.64 h,conversion_auger_electron,1.32,,,235.5
212Pb,continued,gamma_xray,5.84,,,10.8
212Pb,continued,gamma_xray,1.46,,,13
212Pb,continued,gamma_xray,3.75,,,13
212Pb,continued,gamma_xray,10.42,,,74.8
212Pb,continued,gamma_xray,17.51,,,77.1
212Pb,continued,gamma_xray,2.08,,,86.8
212Pb,continued,gamma_xray,3.99,,,87.3
212Pb,continued,gamma_xray,1.84,,,89.9
212Pb,continued,gamma_xray,43.65,,,238.6
212Pb,continued,gamma_xray,3.34,,,300.1
214Pb,26.8 min,beta,2.52,49.7,184.9,
214Pb,26.8 min,beta,48.1,207.2,672.1,
214Pb,26.8 min,beta,42.12,227.4,728.8,
214Pb,26.8 min,beta,6.29,336.7,1024,
214Pb,26.8 min,conversion_auger_electron,5.06,,,10.3
214Pb,26.8 min,conversion_auger_electron,1.79,,,12.6
214Pb,26.8 min,conversion_auger_electron,9.5,,,36.8
214Pb,26.8 min,conversion_auger_electron,2.48,,,50
214Pb,26.8 min,conversion_auger_electron,5.32,,,151.4
214Pb,26.8 min,conversion_auger_electron,7.43,,,204.6
214Pb,26.8 min,conversion_auger_electron,9.48,,,261.4
214Pb,26.8 min,conversion_auger_electron,1.16,,,278.8
214Pb,26.8 min,conversion_auger_electron,1.47,,,335.5
214Pb,26.8 min,gamma_xray,5.13,,,10.8
214Pb,26.8 min,gamma_xray,1.28,,,13
214Pb,26.8 min,gamma_xray,3.08,,,13
214Pb,26.8 min,gamma_xray,1.1,,,53.2
214Pb,26.8 min,gamma_xray,6.39,,,74.8
214Pb,26.8 min,gamma_xray,10.73,,,77.1
214Pb,26.8 min,gamma_xray,1.28,,,86.8
214Pb,26.8 min,gamma_xray,2.45,,,87.3
214Pb,26.8 min,gamma_xray,1.13,,,89.9
214Pb,26.8 min,gamma_xray,7.46,,,241.9
214Pb,26.8 min,gamma_xray,19.17,,,295.2
214Pb,26.8 min,gamma_xray,37.06,,,351.9
214Pb,26.8 min,gamma_xray,1.09,,,785.9
210Bi,5.013 d,beta,100,388.9,1161.4,
212Bi,60.55 min,alpha,25.24,,,6050.9
212Bi,60.55 min,alpha,9.64,,,6090
212Bi,60.55 min,beta,1.89,190.5,625.4,
212Bi,60.55 min,beta,1.46,228.6,733.3,
212Bi,60.55 min,beta,4.49,530.6,1518.8,
212Bi,60.55 min,beta,55.3,831.5,2246,
212Bi,60.55 min,conversion_auger_electron,18.25,,,24.5
212Bi,60.55 min,conversion_auger_electron,1.87,,,25.2
212Bi,60.55 min,conversion_auger_electron,4.73,,,36.9
212Bi,60.55 min,conversion_auger_electron,1.57,,,39.9
212Bi,60.55 min,gamma_xray,2.82,,,10.3
212Bi,60.55 min,gamma_xray,1.5,,,12.2
212Bi,60.55 min,gamma_xray,1.09,,,39.9
212Bi,60.55 min,gamma_xray,6.65,,,727.2
212Bi,60.55 min,gamma_xray,1.11,,,785.4
212Bi,60.55 min,gamma_xray,1.51,,,1620.6
214Bi,19.9 min,beta,1.04,248.1,787.5,
214Bi,19.9 min,beta,2.78,260.8,822.3,
214Bi,19.9 min,beta,5.48,352,1065.9,
214Bi,19.9 min,beta,4.31,385,1151.4,
214Bi,19.9 min,beta,2.48,424.5,1252.7,
214Bi,19.9 min,beta,1.49,427,1259.2,
214Bi,19.9 min,beta,1.18,433.4,1275.4,
214Bi,19.9 min,beta,1.57,474.8,1379.7,
214Bi,19.9 min,beta,8.28,491.9,1422.6,
214Bi,19.9 min,beta,17.6,525.2,1505.5,
214Bi,19.9 min,beta,17.9,539.3,1540.4,
214Bi,19.9 min,beta,3.32,615.2,1726.6,
214Bi,19.9 min,beta,1.01,667.9,1854.5,
214Bi,19.9 min,beta,7.52,683.6,1892.3,
214Bi,19.9 min,beta,17.7,1268.6,3270,
214Bi,19.9 min,gamma_xray,46.09,,,609.3
214Bi,19.9 min,gamma_xray,1.56,,,665.5
214Bi,19.9 min,gamma_xray,4.88,,,768.4
214Bi,19.9 min,gamma_xray,1.23,,,806.2
214Bi,19.9 min,gamma_xray,3.16,,,934.1
214Bi,19.9 min,gamma_xray,15.04,,,1120.3
214Bi,19.9 min,gamma_xray,1.69,,,1155.2
214Bi,19.9 min,gamma_xray,5.92,,,1238.1
214Bi,19.9 min,gamma_xray,1.47,,,1281
214Bi,19.9 min,gamma_xray,4.02,,,1377.6
214Bi,19.9 min,gamma_xray,1.39,,,1401.5
214Bi,19.9 min,gamma_xray,2.48,,,1408
214Bi,19.9 min,gamma_xray,2.19,,,1509.2
214Bi,19.9 min,gamma_xray,1.15,,,1661.3
214Bi,19.9 min,gamma_xray,3.05,,,1729.6
214Bi,19.9 min,gamma_xray,15.92,,,1764.5
214Bi,19.9 min,gamma_xray,2.12,,,1847.4
214Bi,19.9 min,gamma_xray,1.21,,,2118.5
214Bi,19.9 min,gamma_xray,4.99,,,2204.1
214Bi,19.9 min,gamma_xray,1.55,,,2447.7
210Po,138.376 d,alpha,100,,,5304.6
84Po,2.98 x 10 s,alpha,100,,,8784.3
84Po,1.643 x 10 s,alpha,99.99,,,7687.2
218Po,3.05 min,alpha,99.98,,,6002.6
220Rn,55.6 s,alpha,99.93,,,6288.4
222Rn,3.8235 d,alpha,99.92,,,5489.7
224Ra,3.66 d,alpha,4.9,,,5448.9
224Ra,3.66 d,alpha,95.08,,,5685.6
224Ra,3.66 d,gamma_xray,3.9,,,241
226Ra,1600 y,alpha,5.55,,,4601.8
226Ra,1600 y,alpha,94.44,,,4784.5
226Ra,1600 y,gamma_xray,3.28,,,186
241Am,432.2 y,alpha,1.4,,,5388.4
241Am,432.2 y,alpha,12.8,,,5443.1
241Am,432.2 y,alpha,85.19,,,5485.8
241Am,432.2 y,conversion_auger_electron,22.3,,,10.6
241Am,432.2 y,conversion_auger_electron,11.59,,,10.8
241Am,432.2 y,conversion_auger_electron,3.64,,,11.6
241Am,432.2 y,conversion_auger_electron,16.04,,,13.1
241Am,432.2 y,conversion_auger_electron,7.94,,,13.4
241Am,432.2 y,conversion_auger_electron,2.29,,,14.2
241Am,432.2 y,conversion_auger_electron,20.61,,,14.6
241Am,432.2 y,conversion_auger_electron,2.19,,,15.6
241Am,432.2 y,conversion_auger_electron,2.71,,,16
241Am,432.2 y,conversion_auger_electron,11.87,,,16.1
241Am,432.2 y,conversion_auger_electron,1.38,,,16.9
241Am,432.2 y,conversion_auger_electron,5.49,,,17.1
241Am,432.2 y,conversion_auger_electron,1.72,,,17.9
241Am,432.2 y,conversion_auger_electron,2.74,,,21
241Am,432.2 y,conversion_auger_electron,3.5,,,21.8
241Am,432.2 y,conversion_auger_electron,3.68,,,21.9
241Am,432.2 y,conversion_auger_electron,2.79,,,25.8
241Am,432.2 y,conversion_auger_electron,1.44,,,26.3
241Am,432.2 y,conversion_auger_electron,12.01,,,27.7
241Am,432.2 y,conversion_auger_electron,4.38,,,28.8
241Am,432.2 y,conversion_auger_electron,4.76,,,32.2
241Am,432.2 y,conversion_auger_electron,1.73,,,33.2
241Am,432.2 y,conversion_auger_electron,3.24,,,34.1
241Am,432.2 y,conversion_auger_electron,11.06,,,37.1
241Am,432.2 y,conversion_auger_electron,10.06,,,37.9
241Am,432.2 y,conversion_auger_electron,1.24,,,38.5
241Am,432.2 y,conversion_auger_electron,2.4,,,39
241Am,432.2 y,conversion_auger_electron,10.1,,,41.9
241Am,432.2 y,conversion_auger_electron,7.72,,,55.1
241Am,432.2 y,conversion_auger_electron,2.71,,,59.5
241Am,continued,gamma_xray,1.38,,,11.9
241Am,continued,gamma_xray,2.75,,,13.8
241Am,continued,gamma_xray,24.59,,,13.9
241Am,continued,gamma_xray,6.53,,,16.8
241Am,continued,gamma_xray,3.19,,,17.1
241Am,continued,gamma_xray,1.41,,,17.5
241Am,continued,gamma_xray,20.02,,,17.8
241Am,continued,gamma_xray,2.82,,,18
241Am,continued,gamma_xray,4.86,,,20.8
241Am,continued,gamma_xray,1.33,,,21.1
241Am,continued,gamma_xray,1.22,,,21.3
241Am,continued,gamma_xray,1.03,,,21.5
241Am,continued,gamma_xray,2.41,,,26.3
241Am,continued,gamma_xray,35.9,,,59.5
