nuclide,half_life,group,keV_per_decay,incomplete
3H,12.33 y,beta,5.67,
11C,20.39 min,positron,384.6,
11C,20.39 min,gamma_xray,1019.5,
14C,5730 y,beta,49.5,
13N,9.965 min,positron,490.9,
13N,9.965 min,conversion_auger_electron,0.000461,yes
13N,9.965 min,gamma_xray,1020.2,
16N,7.13 s,beta,2692.7,
16N,7.13 s,gamma_xray,4618.2,
15O,122.24 s,positron,734.5,
15O,122.24 s,conversion_auger_electron,4.15e-06,yes
15O,122.24 s,gamma_xray,1020.8,
19O,26.91 s,beta,1732.7,
19O,26.91 s,conversion_auger_electron,0.431,yes
19O,26.91 s,gamma_xray,957,
18F,109.77 min,positron,249.8,
18F,109.77 min,gamma_xray,1022,
22Na,2.602 y,positron,194,
22Na,2.602 y,conversion_auger_electron,0.088,yes
22Na,continued,gamma_xray,2192.6,
24Na,15.020 h,beta,553.5,
24Na,15.020 h,conversion_auger_electron,0.021,yes
24Na,15.020 h,gamma_xray,4123.1,
32P,14.26 d,beta,694.7,
35S,87.44 d,beta,48.8,
16Cl,3.01 x 10 y,positron,0.009,yes
16Cl,3.01 x 10 y,beta,273.5,
16Cl,3.01 x 10 y,conversion_auger_electron,0.033,yes
16Cl,3.01 x 10 y,gamma_xray,0.155,yes
38Cl,37.21 min,beta,1529.4,
38Cl,37.21 min,conversion_auger_electron,0.02,yes
38Cl,37.21 min,gamma_xray,1488.4,
41Ar,1.827 h,beta,463.7,
41Ar,1.827 h,conversion_auger_electron,0.089,yes
41Ar,1.827 h,gamma_xray,1283.6,
38K,7.636 min,positron,1208.5,
38K,7.636 min,conversion_auger_electron,0.041,yes
38K,7.636 min,gamma_xray,3186.9,
19K,1.28 x 10 y,beta,522.4,
19K,1.28 x 10 y,conversion_auger_electron,0.202,yes
40K,continued,gamma_xray,156.3,
42K,12.36 h,beta,1429.5,
42K,12.36 h,conversion_auger_electron,0.013,yes
42K,12.36 h,gamma_xray,275.9,
43K,22.6 h,beta,308.8,
43K,22.6 h,conversion_auger_electron,0.292,yes
43K,22.6 h,gamma_xray,970,
45Ca,163.8 d,beta,77.2,
45Ca,163.8 d,conversion_auger_electron,0.000222,yes
45Ca,163.8 d,gamma_xray,1.34e-05,yes
47Ca,4.536 d,beta,350.5,
47Ca,4.536 d,conversion_auger_electron,0.069,yes
47Ca,4.536 d,gamma_xray,1047.1,
46Sc,83.83 d,beta,112,
46Sc,83.83 d,conversion_auger_electron,0.247,yes
46Sc,83.83 d,gamma_xray,2009.5,
47Sc,3.345 d,beta,162.2,
47Sc,3.345 d,conversion_auger_electron,0.663,yes
47Sc,3.345 d,gamma_xray,108.2,
51Cr,27.704 d,conversion_auger_electron,3.87,yes
51Cr,27.704 d,gamma_xray,33.4,
54Mn,312.5 d,conversion_auger_electron,4.22,yes
54Mn,312.5 d,gamma_xray,836,
52Fe,8.275 h,positron,190.4,
52Fe,8.275 h,conversion_auger_electron,3.15,yes
52Fe,8.275 h,gamma_xray,740.5,
55Fe,2.73 y,conversion_auger_electron,4.2,yes
55Fe,2.73 y,gamma_xray,1.69,yes
59Fe,44.496 d,beta,117.5,
59Fe,44.496 d,conversion_auger_electron,0.252,yes
59Fe,continued,gamma_xray,1188.3,
57Co,271.80 d,conversion_auger_electron,18.6,yes
57Co,271.80 d,gamma_xray,125.3,
58Co,70.916 d,positron,30.2,
58Co,70.916 d,conversion_auger_electron,4.01,yes
58Co,70.916 d,gamma_xray,975.8,
60Co,5.2704 y,beta,96.1,
60Co,5.2704 y,conversion_auger_electron,0.359,yes
60Co,5.2704 y,gamma_xray,2504.5,
63Ni,100.1 y,beta,17.1,
62Zn,9.26 h,positron,21.7,
62Zn,9.26 h,conversion_auger_electron,10.9,yes
62Zn,9.26 h,gamma_xray,439,
65Zn,243.9 d,positron,2.02,
65Zn,243.9 d,conversion_auger_electron,4.79,yes
65Zn,243.9 d,gamma_xray,583.2,
69mZn,13.76 h,beta,0.096,yes
69mZn,continued,conversion_auger_electron,22.2,yes
69mZn,continued,gamma_xray,416.5,
66Ga,9.49 h,positron,981,
66Ga,9.49 h,conversion_auger_electron,2.31,yes
66Ga,9.49 h,gamma_xray,2454.6,yes
67Ga,3.261 d,conversion_auger_electron,34.4,yes
67Ga,3.261 d,gamma_xray,154.8,
68Ga,68.06 min,positron,738.8,
68Ga,68.06 min,conversion_auger_electron,0.544,yes
68Ga,68.06 min,gamma_xray,947.4,
72Ga,14.10 h,beta,497.8,
72Ga,14.10 h,conversion_auger_electron,4.23,yes
72Ga,14.10 h,gamma_xray,2724.2,
72As,26.0 h,positron,1021.3,
72As,26.0 h,conversion_auger_electron,12,yes
72As,26.0 h,gamma_xray,1776.4,yes
74As,17.76 d,positron,128.6,
74As,17.76 d,beta,137.1,
74As,17.76 d,conversion_auger_electron,2.49,yes
74As,17.76 d,gamma_xray,758.5,
76As,26.32 h,beta,1063.8,
76As,continued,conversion_auger_electron,0.578,yes
76As,continued,gamma_xray,430,yes
74Se,119.770 d,conversion_auger_electron,14.7,yes
74Se,119.770 d,gamma_xray,391.7,
76Br,16.2 h,positron,642.1,
76Br,16.2 h,conversion_auger_electron,3.57,yes
76Br,16.2 h,gamma_xray,2790.4,yes
77Br,57.036 h,positron,1.14,yes
77Br,57.036 h,conversion_auger_electron,8.36,yes
77Br,continued,gamma_xray,331.4,yes
82Br,35.30 h,beta,137,
82Br,35.30 h,conversion_auger_electron,2.06,yes
82Br,35.30 h,gamma_xray,2642,
81mKr,13 s,conversion_auger_electron,59,
81mKr,13 s,gamma_xray,130,
85mKr,4.480 h,beta,229.3,
85mKr,4.480 h,conversion_auger_electron,26.1,yes
85mKr,4.480 h,gamma_xray,156.7,
85Kr,10.72 y,beta,250.5,
85Kr,10.72 y,conversion_auger_electron,0.016,yes
85Kr,10.72 y,gamma_xray,2.24,yes
87Kr,76.3 min,beta,1322.9,
87Kr,76.3 min,conversion_auger_electron,0.899,yes
87Kr,76.3 min,gamma_xray,793.1,yes
88Kr,2.84 h,beta,358.6,
88Kr,2.84 h,conversion_auger_electron,5.7,yes
88Kr,continued,gamma_xray,1954.6,yes
89Kr,3.16 m,beta,1360.7,yes
89Kr,3.16 m,conversion_auger_electron,1.3,
89Kr,continued,gamma_xray,1834.5,yes
81Rb,4.576 h,positron,123.3,
81Rb,4.576 h,conversion_auger_electron,60.9,yes
81Rb,continued,gamma_xray,644.9,yes
84Rb,32.87 d,positron,144.1,
84Rb,32.87 d,beta,13.2,
84Rb,32.87 d,conversion_auger_electron,4.18,yes
84Rb,32.87 d,gamma_xray,886.6,
86Rb,18.66 d,beta,667.5,
86Rb,18.66 d,conversion_auger_electron,0.045,yes
86Rb,18.66 d,gamma_xray,94.5,
85Sr,64.84 d,conversion_auger_electron,8.99,yes
85Sr,64.84 d,gamma_xray,513.4,
87mSr,2.81 h,conversion_auger_electron,67.1,yes
87mSr,2.81 h,gamma_xray,321,
89Sr,50.5 d,beta,583.2,
89Sr,50.5 d,conversion_auger_electron,0.00071,yes
89Sr,50.5 d,gamma_xray,0.085,yes
90Sr,29.12 y,beta,195.7,
90Y,64.0 h,beta,934.6,
90Y,64.0 h,conversion_auger_electron,0.28,yes
90Y,64.0 h,gamma_xray,0.002,yes
91Y,58.51 d,beta,602.2,
91Y,58.51 d,conversion_auger_electron,0.002,yes
91Y,58.51 d,gamma_xray,3.61,yes
95Zr,64.02 d,beta,116.9,
95Zr,64.02 d,conversion_auger_electron,1.02,yes
95Zr,64.02 d,gamma_xray,732.1,
95mNb,86.6 h,beta,21.9,
95mNb,86.6 h,conversion_auger_electron,152.6,
95mNb,86.6 h,gamma_xray,68.7,
95Nb,35.02 d,beta,43.5,
95Nb,35.02 d,conversion_auger_electron,1.09,yes
95Nb,35.02 d,gamma_xray,764.3,
99Mo,65.94 h,beta,389.2,
99Mo,65.94 h,conversion_auger_electron,3.51,yes
99Mo,65.94 h,gamma_xray,149.2,
99mTc,6.01 h,beta,0.004,yes
99mTc,6.01 h,conversion_auger_electron,16.1,yes
99mTc,continued,gamma_xray,126.5,
103Ru,39.26 d,beta,63.8,
103Ru,39.26 d,conversion_auger_electron,2.77,yes
103Ru,39.26 d,gamma_xray,494.7,
106Ru,368.2 d,beta,10,
103mRh,56.114 min,conversion_auger_electron,37.1,yes
103mRh,56.114 min,gamma_xray,1.71,yes
106Rh,29.9 s,beta,1412.3,
106Rh,29.9 s,conversion_auger_electron,0.815,yes
106Rh,29.9 s,gamma_xray,204.9,yes
110mAg,249.9 d,beta,65.7,
110mAg,249.9 d,conversion_auger_electron,6.54,yes
110mAg,249.9 d,gamma_xray,2750.5,
110Ag,24.6 s,beta,1181.4,
110Ag,24.6 s,conversion_auger_electron,0.11,yes
110Ag,24.6 s,gamma_xray,30.6,
109Cd,462.9 d,conversion_auger_electron,82.6,yes
109Cd,462.9 d,gamma_xray,26,
111In,2.83 d,conversion_auger_electron,34.7,yes
111In,2.83 d,gamma_xray,404.9,
113mIn,1.658 h,conversion_auger_electron,134,yes
113mIn,1.658 h,gamma_xray,257.7,
115mIn,4.486 h,beta,13.9,
115mIn,4.486 h,conversion_auger_electron,158.5,
115mIn,4.486 h,gamma_xray,161.1,
125Sb,2.77 y,beta,86.6,
125Sb,2.77 y,conversion_auger_electron,13.6,yes
125Sb,continued,gamma_xray,430.8,
123I,13.2 h,conversion_auger_electron,28.4,yes
123I,13.2 h,gamma_xray,172.7,yes
124I,4.18 d,positron,188.4,
124I,4.18 d,conversion_auger_electron,7.14,yes
124I,4.18 d,gamma_xray,1083.2,yes
125I,60.14 d,conversion_auger_electron,19.5,yes
125I,60.14 d,gamma_xray,42,
131I,8.04 d,beta,181.7,
131I,8.04 d,conversion_auger_electron,10.1,yes
131I,8.04 d,gamma_xray,381.6,
133I,20.8 h,beta,406.4,
133I,20.8 h,conversion_auger_electron,4.28,yes
133I,20.8 h,gamma_xray,607.2,yes
135I,6.61 h,beta,363.9,
135I,6.61 h,conversion_auger_electron,3.19,yes
135I,continued,gamma_xray,1576.3,yes
127Xe,36.4 d,conversion_auger_electron,32.4,yes
127Xe,36.4 d,gamma_xray,280.1,
133mXe,2.188 d,conversion_auger_electron,192.4,
133mXe,2.188 d,gamma_xray,40.8,
133Xe,5.245 d,beta,100.3,
133Xe,5.245 d,conversion_auger_electron,35.4,yes
133Xe,5.245 d,gamma_xray,46.1,
135mXe,15.29 min,beta,0.011,yes
135mXe,continued,conversion_auger_electron,97.6,yes
135mXe,continued,gamma_xray,429,
135Xe,9.09 h,beta,302.1,
135Xe,9.09 h,conversion_auger_electron,15.1,yes
135Xe,9.09 h,gamma_xray,248.6,
138Xe,14.17 min,beta,652.3,
138Xe,continued,conversion_auger_electron,20.3,yes
138Xe,continued,gamma_xray,1125,yes
129Cs,32.06 h,conversion_auger_electron,17.8,yes
129Cs,32.06 h,gamma_xray,281.2,
130Cs,29.9 min,positron,397.2,
130Cs,29.9 min,conversion_auger_electron,3.89,yes
130Cs,29.9 min,gamma_xray,516.7,
131Cs,9.69 d,conversion_auger_electron,6.6,yes
131Cs,9.69 d,gamma_xray,22.8,
134mCs,2.91 h,conversion_auger_electron,112.4,yes
134mCs,continued,gamma_xray,27.1,
134Cs,2.062 y,beta,157.4,
134Cs,2.062 y,conversion_auger_electron,6.83,yes
134Cs,2.062 y,gamma_xray,1555.3,
137Cs,30.0 y,beta,187.4,
131Ba,11.8 d,positron,0.000676,
131Ba,continued,conversion_auger_electron,45.8,yes
131Ba,continued,gamma_xray,458.9,
133mBa,38.9 h,conversion_auger_electron,221.3,yes
133mBa,continued,gamma_xray,66.8,
135mBa,28.7 h,conversion_auger_electron,208.1,
135mBa,28.7 h,gamma_xray,60.1,
137mBa,2.552 min,conversion_auger_electron,65.1,yes
137mBa,2.552 min,gamma_xray,596.5,
140Ba,12.74 d,beta,276.3,
140Ba,12.74 d,conversion_auger_electron,36.5,yes
140Ba,12.74 d,gamma_xray,182.7,
140La,40.272 h,beta,525.8,
140La,40.272 h,conversion_auger_electron,9.33,yes
140La,continued,gamma_xray,2315.9,
141Ce,32.50 d,beta,145.2,
141Ce,32.50 d,conversion_auger_electron,25.5,yes
141Ce,32.50 d,gamma_xray,76.5,
144Ce,284.3 d,beta,81.1,
144Ce,284.3 d,conversion_auger_electron,11.1,yes
144Ce,continued,gamma_xray,20.7,yes
144Pr,17.28 min,beta,1207.5,
144Pr,17.28 min,conversion_auger_electron,0.056,yes
144Pr,17.28 min,gamma_xray,31.9,yes
147Pm,2.6234 y,beta,62,
147Pm,2.6234 y,conversion_auger_electron,0.003,yes
147Pm,2.6234 y,gamma_xray,0.004,yes
169Yb,32.022 d,conversion_auger_electron,123.2,yes
169Yb,32.022 d,gamma_xray,311.4,
198Au,2.696 d,beta,311.5,
198Au,2.696 d,conversion_auger_electron,15.5,yes
198Au,2.696 d,gamma_xray,404.4,
197Hg,64.1 h,conversion_auger_electron,66.5,yes
197Hg,64.1 h,gamma_xray,70.3,yes
203Hg,46.612 d,beta,57.8,
203Hg,46.612 d,conversion_auger_electron,41.2,yes
203Hg,46.612 d,gamma_xray,238,
201Tl,73.1 h,conversion_auger_electron,43.4,yes
201Tl,73.1 h,gamma_xray,93.5,
204Tl,3.779 y,beta,237.6,
204Tl,3.779 y,conversion_auger_electron,0.229,yes
204Tl,3.779 y,gamma_xray,1.13,yes
208Tl,3.053 min,beta,557.1,
208Tl,3.053 min,conversion_auger_electron,53.9,yes
208Tl,3.053 min,gamma_xray,3360.2,
210Pb,22.3 y,alpha,7.07e-05,
210Pb,22.3 y,beta,6.54,
210Pb,continued,conversion_auger_electron,31.4,yes
210Pb,continued,gamma_xray,4.81,yes
212Pb,10.64 h,beta,101,
212Pb,10.64 h,conversion_auger_electron,74.4,yes
212Pb,continued,gamma_xray,145.2,
214Pb,26.8 min,beta,219.2,
214Pb,26.8 min,conversion_auger_electron,74,yes
214Pb,26.8 min,gamma_xray,249.8,yes
210Bi,5.013 d,alpha,0.006,yes
210Bi,5.013 d,beta,388.9,
212Bi,60.55 min,alpha,2174.7,
212Bi,60.55 min,beta,491.9,
212Bi,60.55 min,conversion_auger_electron,11.7,yes
212Bi,60.55 min,gamma_xray,106.3,yes
214Bi,19.9 min,alpha,1.15,yes
214Bi,19.9 min,beta,637.6,
214Bi,19.9 min,conversion_auger_electron,21.7,yes
214Bi,19.9 min,gamma_xray,1508.2,yes
210Po,138.376 d,alpha,5304.5,
210Po,138.376 d,conversion_auger_electron,9.34e-05,yes
210Po,138.376 d,gamma_xray,0.01,yes
84Po,2.98 x 10 s,alpha,8784.3,
84Po,1.643 x 10 s,alpha,7687.1,
84Po,1.643 x 10 s,conversion_auger_electron,0.000821,yes
84Po,1.643 x 10 s,gamma_xray,0.083,yes
218Po,3.05 min,alpha,6001.4,
218Po,3.05 min,beta,0.014,yes
220Rn,55.6 s,alpha,6288,
220Rn,55.6 s,conversion_auger_electron,0.009,yes
220Rn,55.6 s,gamma_xray,0.386,yes
222Rn,3.8235 d,alpha,5489.3,
222Rn,3.8235 d,conversion_auger_electron,0.011,yes
222Rn,3.8235 d,gamma_xray,0.399,yes
224Ra,3.66 d,alpha,5673.9,
224Ra,3.66 d,conversion_auger_electron,2.22,yes
224Ra,3.66 d,gamma_xray,9.9,yes
226Ra,1600 y,alpha,4774.4,
226Ra,1600 y,conversion_auger_electron,3.59,yes
226Ra,1600 y,gamma_xray,6.75,yes
241Am,432.2 y,alpha,5479.1,
241Am,432.2 y,conversion_auger_electron,58.6,yes
241Am,continued,gamma_xray,34.1,
