P_bar,Tsat_C,T_C,v_m3kg,u_kJkg,h_kJkg,s_kJkgK,sat
0.06,36.16,36.16,23.739,2425.0,2567.4,8.3304,1
0.06,36.16,80,27.132,2487.3,2650.1,8.5804,0
0.06,36.16,120,30.219,2544.7,2726.0,8.7840,0
0.06,36.16,160,33.302,2602.7,2802.5,8.9693,0
0.06,36.16,200,36.383,2661.4,2879.7,9.1398,0
0.06,36.16,240,39.462,2721.0,2957.8,9.2982,0
0.06,36.16,280,42.540,2781.5,3036.8,9.4464,0
0.06,36.16,320,45.618,2843.0,3116.7,9.5859,0
0.06,36.16,360,48.696,2905.5,3197.7,9.7180,0
0.06,36.16,400,51.774,2969.0,3279.6,9.8435,0
0.06,36.16,440,54.851,3033.5,3362.6,9.9633,0
0.06,36.16,500,59.467,3132.3,3489.1,10.1336,0
0.35,72.69,72.69,4.526,2473.0,2631.4,7.7158,1
0.35,72.69,80,4.625,2483.7,2645.6,7.7564,0
0.35,72.69,120,5.163,2542.4,2723.1,7.9644,0
0.35,72.69,160,5.696,2601.2,2800.6,8.1519,0
0.35,72.69,200,6.228,2660.4,2878.4,8.3237,0
0.35,72.69,240,6.758,2720.3,2956.8,8.4828,0
0.35,72.69,280,7.287,2780.9,3036.0,8.6314,0
0.35,72.69,320,7.815,2842.5,3116.1,8.7712,0
0.35,72.69,360,8.344,2905.1,3197.1,8.9034,0
0.35,72.69,400,8.872,2968.6,3279.2,9.0291,0
0.35,72.69,440,9.400,3033.2,3362.2,9.1490,0
0.35,72.69,500,10.192,3132.1,3488.8,9.3194,0
0.70,89.95,89.95,2.365,2494.5,2660.0,7.4797,1
0.70,89.95,100,2.434,2509.7,2680.0,7.5341,0
0.70,89.95,120,2.571,2539.7,2719.6,7.6375,0
0.70,89.95,160,2.841,2599.4,2798.2,7.8279,0
0.70,89.95,200,3.108,2659.1,2876.7,8.0012,0
0.70,89.95,240,3.374,2719.3,2955.5,8.1611,0
0.70,89.95,280,3.640,2780.2,3035.0,8.3162,0
0.70,89.95,320,3.905,2842.0,3115.3,8.4504,0
0.70,89.95,360,4.170,2904.6,3196.5,8.5828,0
0.70,89.95,400,4.434,2968.2,3278.6,8.7086,0
0.70,89.95,440,4.698,3032.9,3361.8,8.8286,0
0.70,89.95,500,5.095,3131.8,3488.5,8.9991,0
1.0,99.63,99.63,1.694,2506.1,2675.5,7.3594,1
1.0,99.63,100,1.696,2506.7,2676.2,7.3614,0
1.0,99.63,120,1.793,2537.3,2716.6,7.4668,0
1.0,99.63,160,1.984,2597.8,2796.2,7.6597,0
1.0,99.63,200,2.172,2658.1,2875.3,7.8343,0
1.0,99.63,240,2.359,2718.5,2954.5,7.9949,0
1.0,99.63,280,2.546,2779.6,3034.2,8.1445,0
1.0,99.63,320,2.732,2841.5,3114.6,8.2849,0
1.0,99.63,360,2.917,2904.2,3195.9,8.4175,0
1.0,99.63,400,3.103,2967.9,3278.2,8.5435,0
1.0,99.63,440,3.288,3032.6,3361.4,8.6636,0
1.0,99.63,500,3.565,3131.6,3488.1,8.8342,0
1.5,111.37,111.37,1.159,2519.7,2693.6,7.2233,1
1.5,111.37,120,1.188,2533.3,2711.4,7.2693,0
1.5,111.37,160,1.317,2595.2,2792.8,7.4665,0
1.5,111.37,200,1.444,2656.2,2872.9,7.6433,0
1.5,111.37,240,1.570,2717.2,2952.7,7.8052,0
1.5,111.37,280,1.695,2778.6,3032.8,7.9555,0
1.5,111.37,320,1.819,2840.6,3113.5,8.0964,0
1.5,111.37,360,1.943,2903.5,3195.0,8.2293,0
1.5,111.37,400,2.067,2967.3,3277.4,8.3555,0
1.5,111.37,440,2.191,3032.1,3360.7,8.4757,0
1.5,111.37,500,2.376,3131.2,3487.6,8.6466,0
1.5,111.37,600,2.685,3301.7,3704.3,8.9101,0
3.0,133.55,133.55,0.606,2543.6,2725.3,6.9919,1
3.0,133.55,160,0.651,2587.1,2782.3,7.1276,0
3.0,133.55,200,0.716,2650.7,2865.5,7.3115,0
3.0,133.55,240,0.781,2713.1,2947.3,7.4774,0
3.0,133.55,280,0.844,2775.4,3028.6,7.6299,0
3.0,133.55,320,0.907,2838.1,3110.1,7.7722,0
3.0,133.55,360,0.969,2901.4,3192.2,7.9061,0
3.0,133.55,400,1.032,2965.6,3275.0,8.0330,0
3.0,133.55,440,1.094,3030.6,3358.7,8.1538,0
3.0,133.55,500,1.187,3130.0,3486.0,8.3251,0
3.0,133.55,600,1.341,3300.8,3703.2,8.5892,0
5.0,151.86,151.86,0.3749,2561.2,2748.7,6.8213,1
5.0,151.86,180,0.4045,2609.7,2812.0,6.9656,0
5.0,151.86,200,0.4249,2642.9,2855.4,7.0592,0
5.0,151.86,240,0.4646,2707.6,2939.9,7.2307,0
5.0,151.86,280,0.5034,2771.2,3022.9,7.3865,0
5.0,151.86,320,0.5416,2834.7,3105.6,7.5308,0
5.0,151.86,360,0.5796,2898.7,3188.4,7.6660,0
5.0,151.86,400,0.6173,2963.2,3271.9,7.7938,0
5.0,151.86,440,0.6548,3028.6,3356.0,7.9152,0
5.0,151.86,500,0.7109,3128.4,3483.9,8.0873,0
5.0,151.86,600,0.8041,3299.6,3701.7,8.3522,0
5.0,151.86,700,0.8969,3477.5,3925.9,8.5952,0
7.0,164.97,164.97,0.2729,2572.5,2763.5,6.7080,1
7.0,164.97,180,0.2847,2599.8,2799.1,6.7880,0
7.0,164.97,200,0.2999,2634.8,2844.8,6.8865,0
7.0,164.97,240,0.3292,2701.8,2932.2,7.0641,0
7.0,164.97,280,0.3574,2766.9,3017.1,7.2233,0
7.0,164.97,320,0.3852,2831.3,3100.9,7.3697,0
7.0,164.97,360,0.4126,2895.8,3184.7,7.5063,0
7.0,164.97,400,0.4397,2960.9,3268.7,7.6350,0
7.0,164.97,440,0.4667,3026.6,3353.3,7.7571,0
7.0,164.97,500,0.5070,3126.8,3481.7,7.9299,0
7.0,164.97,600,0.5738,3298.5,3700.2,8.1956,0
7.0,164.97,700,0.6403,3476.6,3924.8,8.4391,0
10.0,179.91,179.91,0.1944,2583.6,2778.1,6.5865,1
10.0,179.91,200,0.2060,2621.9,2827.9,6.6940,0
10.0,179.91,240,0.2275,2692.9,2920.4,6.8817,0
10.0,179.91,280,0.2480,2760.2,3008.2,7.0465,0
10.0,179.91,320,0.2678,2826.1,3093.9,7.1962,0
10.0,179.91,360,0.2873,2891.6,3178.9,7.3349,0
10.0,179.91,400,0.3066,2957.3,3263.9,7.4651,0
10.0,179.91,440,0.3257,3023.6,3349.3,7.5883,0
10.0,179.91,500,0.3541,3124.4,3478.5,7.7622,0
10.0,179.91,540,0.3729,3192.6,3565.6,7.8720,0
10.0,179.91,600,0.4011,3296.8,3697.9,8.0290,0
10.0,179.91,640,0.4198,3367.4,3787.2,8.1290,0
15.0,198.32,198.32,0.1318,2594.5,2792.2,6.4448,1
15.0,198.32,200,0.1325,2598.1,2796.8,6.4546,0
15.0,198.32,240,0.1483,2676.9,2899.3,6.6628,0
15.0,198.32,280,0.1627,2748.6,2992.7,6.8381,0
15.0,198.32,320,0.1765,2817.1,3081.9,6.9938,0
15.0,198.32,360,0.1899,2884.4,3169.2,7.1363,0
15.0,198.32,400,0.2030,2951.3,3255.8,7.2690,0
15.0,198.32,440,0.2160,3018.5,3342.5,7.3940,0
15.0,198.32,500,0.2352,3120.3,3473.1,7.5698,0
15.0,198.32,540,0.2478,3189.1,3560.9,7.6805,0
15.0,198.32,600,0.2668,3293.9,3694.0,7.8385,0
15.0,198.32,640,0.2793,3364.8,3783.8,7.9391,0
20.0,212.42,212.42,0.0996,2600.3,2799.5,6.3409,1
20.0,212.42,240,0.1085,2659.6,2876.5,6.4952,0
20.0,212.42,280,0.1200,2736.4,2976.4,6.6828,0
20.0,212.42,320,0.1308,2807.9,3069.5,6.8452,0
20.0,212.42,360,0.1411,2877.0,3159.3,6.9917,0
20.0,212.42,400,0.1512,2945.2,3247.6,7.1271,0
20.0,212.42,440,0.1611,3013.4,3335.5,7.2540,0
20.0,212.42,500,0.1757,3116.2,3467.6,7.4317,0
20.0,212.42,540,0.1853,3185.6,3556.1,7.5434,0
20.0,212.42,600,0.1996,3290.9,3690.1,7.7024,0
20.0,212.42,640,0.2091,3362.2,3780.4,7.8035,0
20.0,212.42,700,0.2232,3470.9,3917.4,7.9487,0
30.0,233.90,233.90,0.0667,2604.1,2804.2,6.1869,1
30.0,233.90,240,0.0682,2619.7,2824.3,6.2265,0
30.0,233.90,280,0.0771,2709.9,2941.3,6.4462,0
30.0,233.90,320,0.0850,2788.4,3043.4,6.6245,0
30.0,233.90,360,0.0923,2861.7,3138.7,6.7801,0
30.0,233.90,400,0.0994,2932.8,3230.9,6.9212,0
30.0,233.90,440,0.1062,3002.9,3321.5,7.0520,0
30.0,233.90,500,0.1162,3108.0,3456.5,7.2338,0
30.0,233.90,540,0.1227,3178.4,3546.6,7.3474,0
30.0,233.90,600,0.1324,3285.0,3682.3,7.5085,0
30.0,233.90,640,0.1388,3357.0,3773.5,7.6106,0
30.0,233.90,700,0.1484,3466.5,3911.7,7.7571,0
40,250.4,250.4,0.04978,2602.3,2801.4,6.0701,1
40,250.4,280,0.05546,2680.0,2901.8,6.2568,0
40,250.4,320,0.06199,2767.4,3015.4,6.4553,0
40,250.4,360,0.06788,2845.7,3117.2,6.6215,0
40,250.4,400,0.07341,2919.9,3213.6,6.7690,0
40,250.4,440,0.07872,2992.2,3307.1,6.9041,0
40,250.4,500,0.08643,3099.5,3445.3,7.0901,0
40,250.4,540,0.09145,3171.1,3536.9,7.2056,0
40,250.4,600,0.09885,3279.1,3674.4,7.3688,0
40,250.4,640,0.1037,3351.8,3766.6,7.4720,0
40,250.4,700,0.1110,3462.1,3905.9,7.6198,0
40,250.4,740,0.1157,3536.6,3999.6,7.7141,0
60,275.64,275.64,0.03244,2589.7,2784.3,5.8892,1
60,275.64,280,0.03317,2605.2,2804.2,5.9252,0
60,275.64,320,0.03876,2720.0,2952.6,6.1846,0
60,275.64,360,0.04331,2811.2,3071.1,6.3782,0
60,275.64,400,0.04739,2892.9,3177.2,6.5408,0
60,275.64,440,0.05122,2970.0,3277.3,6.6853,0
60,275.64,500,0.05665,3082.2,3422.2,6.8803,0
60,275.64,540,0.06015,3156.1,3517.0,6.9999,0
60,275.64,600,0.06525,3266.9,3658.4,7.1677,0
60,275.64,640,0.06859,3341.0,3752.6,7.2731,0
60,275.64,700,0.07352,3453.1,3894.1,7.4234,0
60,275.64,740,0.07677,3528.3,3989.2,7.5190,0
80,295.06,295.06,0.02352,2569.8,2758.0,5.7432,1
80,295.06,320,0.02682,2662.7,2877.2,5.9489,0
80,295.06,360,0.03089,2772.7,3019.8,6.1819,0
80,295.06,400,0.03432,2863.8,3138.3,6.3634,0
80,295.06,440,0.03742,2946.7,3246.1,6.5190,0
80,295.06,480,0.04034,3025.7,3348.4,6.6586,0
80,295.06,520,0.04313,3102.7,3447.7,6.7871,0
80,295.06,560,0.04582,3178.7,3545.3,6.9072,0
80,295.06,600,0.04845,3254.4,3642.0,7.0206,0
80,295.06,640,0.05102,3330.1,3738.3,7.1283,0
80,295.06,700,0.05481,3443.9,3882.4,7.2812,0
80,295.06,740,0.05729,3520.4,3978.7,7.3782,0
100,311.06,311.06,0.01803,2544.4,2724.7,5.6141,1
100,311.06,320,0.01925,2588.8,2781.3,5.7103,0
100,311.06,360,0.02331,2729.1,2962.1,6.0060,0
100,311.06,400,0.02641,2832.4,3096.5,6.2120,0
100,311.06,440,0.02911,2922.1,3213.2,6.3805,0
100,311.06,480,0.03160,3005.4,3321.4,6.5282,0
100,311.06,520,0.03394,3085.6,3425.1,6.6622,0
100,311.06,560,0.03619,3164.1,3526.0,6.7864,0
100,311.06,600,0.03837,3241.7,3625.3,6.9029,0
100,311.06,640,0.04048,3318.9,3723.7,7.0131,0
100,311.06,700,0.04358,3434.7,3870.5,7.1687,0
100,311.06,740,0.04560,3512.1,3968.1,7.2670,0
120,324.75,324.75,0.01426,2513.7,2684.9,5.4924,1
120,324.75,360,0.01811,2678.4,2895.7,5.8361,0
120,324.75,400,0.02108,2798.3,3051.3,6.0747,0
120,324.75,440,0.02355,2896.1,3178.7,6.2586,0
120,324.75,480,0.02576,2984.4,3293.5,6.4154,0
120,324.75,520,0.02781,3068.0,3401.8,6.5555,0
120,324.75,560,0.02977,3149.0,3506.2,6.6840,0
120,324.75,600,0.03164,3228.7,3608.3,6.8037,0
120,324.75,640,0.03345,3307.5,3709.0,6.9164,0
120,324.75,700,0.03610,3425.2,3858.4,7.0749,0
120,324.75,740,0.03781,3503.7,3957.4,7.1746,0
140,336.75,336.75,0.01149,2476.8,2637.6,5.3717,1
140,336.75,360,0.01422,2617.4,2816.5,5.6602,0
140,336.75,400,0.01722,2760.9,3001.9,5.9448,0
140,336.75,440,0.01954,2868.6,3142.2,6.1474,0
140,336.75,480,0.02157,2962.5,3264.5,6.3143,0
140,336.75,520,0.02343,3049.8,3377.8,6.4610,0
140,336.75,560,0.02517,3133.6,3486.0,6.5941,0
140,336.75,600,0.02683,3215.4,3591.1,6.7172,0
140,336.75,640,0.02843,3296.0,3694.1,6.8326,0
140,336.75,700,0.03075,3415.7,3846.2,6.9939,0
140,336.75,740,0.03225,3495.2,3946.7,7.0952,0
160,347.44,347.44,0.00931,2431.7,2580.6,5.2455,1
160,347.44,360,0.01105,2539.0,2715.8,5.4614,0
160,347.44,400,0.01426,2719.4,2947.6,5.8175,0
160,347.44,440,0.01652,2839.4,3103.7,6.0429,0
160,347.44,480,0.01842,2939.7,3234.4,6.2215,0
160,347.44,520,0.02013,3031.1,3353.3,6.3752,0
160,347.44,560,0.02172,3117.8,3465.4,6.5132,0
160,347.44,600,0.02323,3201.8,3573.5,6.6399,0
160,347.44,640,0.02467,3284.2,3678.9,6.7580,0
160,347.44,700,0.02674,3406.0,3833.9,6.9224,0
160,347.44,740,0.02808,3486.7,3935.9,7.0251,0
180,357.06,357.06,0.00749,2374.3,2509.1,5.1044,1
180,357.06,360,0.00809,2418.9,2564.5,5.1922,0
180,357.06,400,0.01190,2672.8,2887.0,5.6887,0
180,357.06,440,0.01414,2808.2,3062.8,5.9428,0
180,357.06,480,0.01596,2915.9,3203.2,6.1345,0
180,357.06,520,0.01757,3011.8,3378.0,6.2960,0
180,357.06,560,0.01904,3101.7,3444.4,6.4392,0
180,357.06,600,0.02042,3188.0,3555.6,6.5696,0
180,357.06,640,0.02174,3272.3,3663.6,6.6905,0
180,357.06,700,0.02362,3396.3,3821.5,6.8580,0
180,357.06,740,0.02483,3478.0,3925.0,6.9623,0
200,365.81,365.81,0.00583,2293.0,2409.7,4.9269,1
200,365.81,400,0.00994,2619.3,2818.1,5.5540,0
200,365.81,440,0.01222,2774.9,3019.4,5.8450,0
200,365.81,480,0.01399,2891.2,3170.8,6.0518,0
200,365.81,520,0.01551,2992.0,3302.2,6.2218,0
200,365.81,560,0.01689,3085.2,3423.0,6.3705,0
200,365.81,600,0.01818,3174.0,3537.6,6.5048,0
200,365.81,640,0.01940,3260.2,3648.1,6.6286,0
200,365.81,700,0.02113,3386.4,3809.0,6.7993,0
200,365.81,740,0.02224,3469.3,3914.1,6.9052,0
200,365.81,800,0.02385,3592.7,4069.7,7.0544,0
240,,400,0.00673,2477.8,2639.4,5.2393,0
240,,440,0.00929,2700.6,2923.4,5.6506,0
240,,480,0.01100,2838.3,3102.3,5.8950,0
240,,520,0.01241,2950.5,3248.5,6.0842,0
240,,560,0.01366,3051.1,3379.0,6.2448,0
240,,600,0.01481,3145.2,3500.7,6.3875,0
240,,640,0.01588,3235.5,3616.7,6.5174,0
240,,700,0.01739,3366.4,3783.8,6.6947,0
240,,740,0.01835,3451.7,3892.1,6.8038,0
240,,800,0.01974,3578.0,4051.6,6.9567,0
280,,400,0.00383,2223.5,2330.7,4.7494,0
280,,440,0.00712,2613.2,2812.6,5.4494,0
280,,480,0.00885,2780.8,3028.5,5.7446,0
280,,520,0.01020,2906.8,3192.3,5.9566,0
280,,560,0.01136,3015.7,3333.7,6.1307,0
280,,600,0.01241,3115.6,3463.0,6.2823,0
280,,640,0.01338,3210.3,3584.8,6.4187,0
280,,700,0.01473,3346.1,3758.4,6.6029,0
280,,740,0.01558,3433.9,3870.0,6.7153,0
280,,800,0.01680,3563.1,4033.4,6.8720,0
280,,900,0.01873,3774.3,4298.8,7.1084,0
320,,400,0.00236,1980.4,2055.9,4.3239,0
320,,440,0.00544,2509.0,2683.0,5.2327,0
320,,480,0.00722,2718.1,2949.2,5.5968,0
320,,520,0.00853,2860.7,3133.7,5.8357,0
320,,560,0.00963,2979.0,3287.2,6.0246,0
320,,600,0.01061,3085.3,3424.6,6.1858,0
320,,640,0.01150,3184.5,3552.5,6.3290,0
320,,700,0.01273,3325.4,3732.8,6.5203,0
320,,740,0.01350,3415.9,3847.8,6.6361,0
320,,800,0.01460,3548.0,4015.1,6.7966,0
320,,900,0.01633,3762.7,4285.1,7.0372,0
